run_name,horizon,n,mean_bps,std_bps,median_bps,mean_abs_bps,median_abs_bps,share_positive,share_abs_ge_1_bps,share_abs_ge_2_bps
20260704_125643,1,2911,-0.0011752444283476542,0.06592249421191286,0.0,0.006348453548827644,0.0,0.006183442116111302,0.0013740982480247338,0.0
20260704_130157,1,2912,-0.0009281369546600763,0.0476805853236816,0.0,0.003576116857097662,0.0,0.0030906593406593405,0.00034340659340659343,0.0
20260704_130711,1,2911,-0.0013682908294581609,0.05212169464284388,0.0,0.003863645254057879,0.0,0.004465819306080384,0.00034352456200618345,0.0
20260704_131225,1,2911,-0.00039013307273505574,0.056936057329350746,0.0,0.005611446120058647,0.0,0.006526966678117485,0.00034352456200618345,0.0
20260704_131740,1,2912,0.002515728732174516,0.048215739941573896,0.0,0.004569079093027817,0.0,0.015796703296703296,0.00034340659340659343,0.0
20260704_132254,1,2912,0.00012094104777935757,0.053776836286683005,0.0,0.0044804385247137245,0.0,0.011332417582417582,0.0006868131868131869,0.0
20260704_132808,1,2912,0.0001703343183717127,0.05071428098709945,0.0,0.0042340860214266415,0.0,0.006868131868131868,0.00034340659340659343,0.0
20260704_133321,1,2911,0.002975810378562632,0.0850404745336841,0.0,0.011056151449227898,0.0,0.023016145654414292,0.0024046719340432843,0.0
20260704_133834,1,2912,-0.0014390812455082416,0.29135653980713927,0.0,0.03158611877189461,0.0,0.016140109890109892,0.008241758241758242,0.0020604395604395605
20260704_134349,1,2911,0.0034738805549883005,0.06645798734736866,0.0,0.006097672810031299,0.0,0.010305736860185504,0.0006870491240123669,0.0
20260704_134903,1,2911,0.0007626996189958947,0.05235794586755349,0.0,0.00485546688139765,0.0,0.00790106492614222,0.00034352456200618345,0.0
20260704_135418,1,2912,-0.0041264822362751565,0.08610375140890365,0.0,0.009341645508903287,0.0,0.006181318681318681,0.0013736263736263737,0.00034340659340659343
20260704_135929,1,2912,-0.0034606890290185956,0.1203940555725849,0.0,0.017336213687964497,0.0,0.017170329670329672,0.0020604395604395605,0.0006868131868131869
20260704_140444,1,2912,0.001666550826716107,0.10697299937267368,0.0,0.013587607591732538,0.0,0.016483516483516484,0.001717032967032967,0.0006868131868131869
20260704_141000,1,2912,0.00042895901180171447,0.06694020285154834,0.0,0.007219775300434054,0.0,0.009958791208791208,0.0006868131868131869,0.0
20260704_141515,1,2912,0.0014405685485278426,0.050752177318757676,0.0,0.003430386982518916,0.0,0.004807692307692308,0.0006868131868131869,0.0
20260704_142028,1,2912,-0.002534582236658237,0.07785685585392522,0.0,0.008232202390276734,0.0,0.008585164835164836,0.0010302197802197802,0.0
20260704_142541,1,2911,0.001122480076609854,0.05210419188861821,0.0,0.004324206965441287,0.0,0.005152868430092752,0.0006870491240123669,0.0
20260704_143056,1,2911,-0.0006984385835488588,0.06822746117185571,0.0,0.007367112194221262,0.0,0.006870491240123669,0.00034352456200618345,0.0
20260704_143609,1,2912,-0.001517844659733436,0.08654814675244708,0.0,0.011224784837959658,0.0,0.012362637362637362,0.0010302197802197802,0.0
20260704_144124,1,2912,0.0013974301059535748,0.06348674037098913,0.0,0.0061610486481038845,0.0,0.006868131868131868,0.0006868131868131869,0.0
20260704_144638,1,2912,0.0010614388296451675,0.06606374035190679,0.0,0.0070647506099604076,0.0,0.009615384615384616,0.00034340659340659343,0.0
20260704_145150,1,2912,0.0012974033571653545,0.06172327121782524,0.0,0.005584928925206162,0.0,0.009271978021978022,0.0006868131868131869,0.0
20260704_145704,1,2912,-0.0007805336039806557,0.021900856345881063,0.0,0.0012972734890851604,0.0,0.0013736263736263737,0.0,0.0
20260704_125643,5,2907,-0.005883888507699586,0.17354868419187428,0.0,0.03154403157827074,0.0,0.0196078431372549,0.01238390092879257,0.0
20260704_130157,5,2908,-0.004646908297148808,0.12067579614976012,0.0,0.01790508510106315,0.0,0.011691884456671253,0.005502063273727648,0.0
20260704_130711,5,2907,-0.00685059121181044,0.13820212248673933,0.0,0.019344653507100736,0.0,0.018575851393188854,0.004471964224286206,0.0
20260704_131225,5,2907,-0.0019528511514233708,0.16185526115950444,0.0,0.02809579959054157,0.0,0.02063983488132095,0.008943928448572412,0.0003439972480220158
20260704_131740,5,2908,0.012596206141972566,0.12931401953923571,0.0,0.022877014913105762,0.0,0.05364511691884457,0.003782668500687758,0.0
20260704_132254,5,2908,0.0006055930615464557,0.12490159087370233,0.0,0.020678849181657456,0.0,0.04745529573590096,0.004470426409903714,0.0
20260704_132808,5,2908,0.0008530039333320665,0.1268638687476483,0.0,0.021199443899770697,0.0,0.029573590096286108,0.0017193947730398899,0.001375515818431912
20260704_133321,5,2907,0.014899776848923673,0.20264090175412833,0.0,0.05193793452430541,0.0,0.09253525971792226,0.011351909184726523,0.0
20260704_133834,5,2908,-0.007209624113742118,0.5819584017527403,0.0,0.12019951400798677,0.0,0.05089408528198074,0.0343878954607978,0.0068775790921595595
20260704_134349,5,2907,0.017393827132020208,0.17989655846657074,0.0,0.030530834404643614,0.0,0.03715170278637771,0.005159958720330237,0.0013759889920880633
20260704_134903,5,2907,0.0038187061380435235,0.11370069422030758,0.0,0.02240977056983811,0.0,0.037495700034399726,0.0,0.0
20260704_135418,5,2908,-0.020660329897251757,0.21449908075868898,0.0,0.045584477162310746,0.0,0.021664374140302613,0.0068775790921595595,0.003094910591471802
20260704_135929,5,2908,-0.01696314059916793,0.30909182386368333,0.0,0.0863439282348808,0.0,0.06052269601100413,0.01891334250343879,0.003782668500687758
20260704_140444,5,2908,0.008345155918075872,0.2757630423205718,0.0,0.06800973095395785,0.0,0.06499312242090784,0.01891334250343879,0.0034387895460797797
20260704_141000,5,2908,0.0024124424235377486,0.17888572787375623,0.0,0.03588444235027067,0.0,0.033012379642365884,0.012723521320495186,0.0
20260704_141515,5,2908,0.007213165268376653,0.1454522508029848,0.0,0.017120567338868835,0.0,0.018225584594222834,0.006533700137551582,0.001375515818431912
20260704_142028,5,2908,-0.012689702989861733,0.20742121572053535,0.0,0.04121720513679691,0.0,0.030949105914718018,0.012379642365887207,0.001375515818431912
20260704_142541,5,2907,0.005620410054295292,0.13896884673521295,0.0,0.021651026570139557,0.0,0.02304781561747506,0.0020639834881320948,0.0013759889920880633
20260704_143056,5,2907,-0.0034967149750444217,0.1701843035450551,0.0,0.03543160367766305,0.0,0.026831785345717233,0.005503955968352253,0.0
20260704_143609,5,2908,-0.007599386474346071,0.20731135763173547,0.0,0.05435007092911377,0.0,0.05055020632737277,0.008253094910591471,0.0
20260704_144124,5,2908,0.00699704441400559,0.16063132052500154,0.0,0.03084766445461984,0.0,0.027510316368638238,0.008940852819807428,0.0
20260704_144638,5,2908,0.0053146585269385005,0.15847801164207462,0.0,0.035372210815137896,0.0,0.04401650618982118,0.005502063273727648,0.0
20260704_145150,5,2908,0.006496396823745989,0.16788864776206436,0.0,0.02796329320253403,0.0,0.03782668500687758,0.004814305364511692,0.001375515818431912
20260704_145704,5,2908,-0.003908004939741844,0.054906575981628306,0.0,0.006495265687093284,0.0,0.005502063273727648,0.0,0.0
20260704_125643,10,2902,-0.011787902495984588,0.2515346740873158,0.0,0.061951872452216054,0.0,0.033425223983459686,0.025499655410062026,0.0
20260704_130157,10,2903,-0.009309616291431696,0.18244022322841394,0.0,0.03587176282856935,0.0,0.020323802962452637,0.012400964519462624,0.0
20260704_130711,10,2902,-0.013724713145147355,0.19921349445918768,0.0,0.03875592759758609,0.0,0.03308063404548587,0.009648518263266712,0.0
20260704_131225,10,2902,-0.003912084685372862,0.2437569825779573,0.0,0.05628821447843086,0.0,0.03790489317711923,0.021364576154376293,0.002067539627842867
20260704_131740,10,2903,0.02501014072920834,0.19047240043844543,0.0,0.04415344149361997,0.0,0.09025146400275577,0.0058560110230795725,0.0013778849466069584
20260704_132254,10,2903,0.0012132078578328185,0.17310740838817332,0.0,0.03916503785088461,0.0,0.08852910781949708,0.00792283844299001,0.0
20260704_132808,10,2903,0.00170898966606241,0.18196694418292653,0.0,0.04247188986388481,0.0,0.05545986910093007,0.003444712366517396,0.003100241129865656
20260704_133321,10,2902,0.02988106271182107,0.28378673719866704,0.0,0.0977645610896273,0.0,0.16126809097174363,0.02343211578221916,0.0
20260704_133834,10,2903,-0.014446135453628323,0.7983525395097215,0.0,0.22031358200086346,0.0,0.08646228039958663,0.0644161212538753,0.016879090595935238
20260704_134349,10,2902,0.03484784288105586,0.26316689870940563,0.0,0.060660681023473995,0.0,0.06753962784286699,0.010337698139214336,0.0031013094417643005
20260704_134903,10,2902,0.007650538295390097,0.15878791860679886,0.0,0.04195788965534729,0.0,0.06650585802894556,0.00034458993797381116,0.0
20260704_135418,10,2903,-0.04139156225214657,0.3108843834722228,0.0,0.08946400388355372,0.0,0.04030313468825353,0.014812263176024801,0.006544953496383052
20260704_135929,10,2903,-0.03353694388449277,0.46724375589375605,0.0,0.16936896431653375,0.0,0.10471925594212883,0.043058904581467446,0.009989665862900447
20260704_140444,10,2903,0.016719827692048078,0.4093931279149847,0.0,0.13420829781548643,0.0,0.1078194970719945,0.04822597313124354,0.007233895969686531
20260704_141000,10,2903,0.0048999735322504245,0.2762331002410766,0.0,0.0718266101558509,0.0,0.05821563899414399,0.027902170168790905,0.0020668274199104374
20260704_141515,10,2903,0.01445130318936167,0.21163510449652315,0.0,0.03407948742782536,0.0,0.033758181191870476,0.013434378229417844,0.003100241129865656
20260704_142028,10,2903,-0.025422644752321498,0.3087802997875684,0.0,0.08257607405197342,0.0,0.05545986910093007,0.027213227695487428,0.003100241129865656
20260704_142541,10,2902,0.011260305425675212,0.20245467728318534,0.0,0.0433767243119383,0.0,0.044796691936595454,0.004479669193659545,0.0031013094417643005
20260704_143056,10,2902,-0.007005327416460403,0.2470609855223178,0.0,0.07001388254561483,0.0,0.04893177119228118,0.014817367332873881,0.0
20260704_143609,10,2903,-0.015224612733924704,0.30454557439650687,0.0,0.10842363559302957,0.0,0.09335170513262142,0.021357216672407853,0.0
20260704_144124,10,2903,0.014018426624164457,0.23727065608819864,0.0,0.06180175219371375,0.0,0.050292800551153975,0.019634860489149156,0.0013778849466069584
20260704_144638,10,2903,0.010647799947108403,0.23188309292184922,0.0,0.07086620510052119,0.0,0.08301756803306924,0.012400964519462624,0.0
20260704_145150,10,2903,0.013015336328884214,0.2442870250032476,0.0,0.05602295020408287,0.0,0.0695831898036514,0.009989665862900447,0.003100241129865656
20260704_145704,10,2903,-0.007829456061053314,0.07952772146753675,0.0,0.013012891778635152,0.0,0.010678608336203927,0.0,0.0
20260704_125643,20,2892,-0.023656939375524804,0.36664167595498226,0.0,0.12308279813618435,0.0,0.059474412171507604,0.05532503457814661,0.0
20260704_130157,20,2893,-0.018683256422955572,0.2708148314482532,0.0,0.07193600296342834,0.0,0.03767715174559281,0.029381265122709988,0.0
20260704_130711,20,2892,-0.02754425349087711,0.2846451106068382,0.0,0.07777984938273554,0.0,0.05739972337482711,0.020055325034578148,0.0
20260704_131225,20,2892,-0.007850636240535017,0.36189863554698865,0.0,0.1129541931543226,0.0,0.07261410788381743,0.046680497925311204,0.005532503457814661
20260704_131740,20,2893,0.049148631438465845,0.26794313732315417,0.0,0.08207471952204881,0.0,0.15243691669547182,0.00967853439336329,0.004839267196681645
20260704_132254,20,2893,0.0024347654212182653,0.24369352926181798,0.0,0.07632914143743759,0.0,0.155893536121673,0.014863463532665053,0.0
20260704_132808,20,2893,0.002302385928810553,0.25787660089157954,0.0,0.08119075719800002,0.0,0.10197027307293467,0.0069132388524023505,0.006567576909782233
20260704_133321,20,2892,0.05728730896362477,0.40565277634656893,0.0,0.181910246694805,0.0,0.25553250345781464,0.051175656984785614,0.0
20260704_133834,20,2893,-0.028991068164695783,1.1402658845563545,0.0,0.3916472158203999,0.0,0.14310404424472867,0.10680954026961631,0.038368475630833045
20260704_134349,20,2892,0.06904248896026217,0.3753029495533366,0.0,0.11599623217144506,0.0,0.11618257261410789,0.02074688796680498,0.00656984785615491
20260704_134903,20,2892,0.013266499745676478,0.22623595325963744,0.0,0.07916944216982191,0.0,0.11307053941908714,0.0038035961272475795,0.0
20260704_135418,20,2893,-0.08306863558794969,0.4508638723316454,0.0,0.17617448013575485,0.0,0.07362599377808503,0.032492222606291046,0.015900449360525405
20260704_135929,20,2893,-0.06366832155408622,0.6980142179716258,0.0,0.3202151596127688,0.0,0.17490494296577946,0.0926374006221915,0.020739716557207053
20260704_140444,20,2893,0.033169461468193696,0.6091174291170838,0.0,0.2634802498441328,0.0,0.1738679571379191,0.1043899066712755,0.0197027307293467
20260704_141000,20,2893,0.00990203162239229,0.4351534343944185,0.0,0.14408439767353898,0.0,0.09194607673695127,0.05254061527825787,0.011752506049083997
20260704_141515,20,2893,0.02900268370850545,0.30480842291477755,0.0,0.06817323063090697,0.0,0.062219149671621156,0.027307293466989284,0.006567576909782233
20260704_142028,20,2893,-0.05102008224643075,0.45743756140037944,0.0,0.16572243839203296,0.0,0.09816799170411337,0.06844106463878327,0.006567576909782233
20260704_142541,20,2892,0.022598753136440643,0.295650048529855,0.0,0.08583535320270666,0.0,0.08575380359612725,0.014868603042876901,0.00656984785615491
20260704_143056,20,2892,-0.014058785100047573,0.35878099295885313,0.0,0.13953733402633542,0.0,0.08091286307053942,0.03284923928077455,0.0
20260704_143609,20,2893,-0.03055279739158474,0.4682607255165554,0.0,0.2166218887374513,0.0,0.161769789146215,0.060490839958520566,0.004493605254061528
20260704_144124,20,2893,0.02813413908388169,0.34648553273101595,0.0,0.12403092587302557,0.0,0.09367438645005186,0.04355340477013481,0.004839267196681645
20260704_144638,20,2893,0.021369482081209347,0.33632251483483777,0.0,0.13547093984702105,0.0,0.1482889733840304,0.03387487037677152,0.0
20260704_145150,20,2893,0.0261208097793157,0.3501482296792081,0.0,0.11185782354352816,0.0,0.13066021431040442,0.020394054614586935,0.006567576909782233
20260704_145704,20,2893,-0.01571302255852712,0.11357158044989926,0.0,0.026115731458124705,0.0,0.0197027307293467,0.0,0.0
20260704_125643,50,2862,-0.05976071780429389,0.6073416080434263,0.0,0.29843358572487577,0.0,0.11844863731656184,0.14709993011879804,0.0
20260704_130157,50,2863,-0.04719537429011163,0.477398794407513,0.0,0.1792919110247229,0.0,0.0852252881592735,0.07404820118756548,0.011875654907439748
20260704_130711,50,2862,-0.06958230578256885,0.45222358748493774,0.0,0.19648784227323612,0.0,0.13137665967854648,0.0517120894479385,0.0
20260704_131225,50,2862,-0.015152646897382873,0.5745031669303011,0.0,0.2566002338276442,0.0,0.16491963661774983,0.10866526904262754,0.026554856743535988
20260704_131740,50,2863,0.13045065842180717,0.4269343611038808,0.0,0.18961012220172824,0.0,0.3234369542438002,0.04121550820817325,0.015368494586098498
20260704_132254,50,2863,0.006150871368125363,0.39181809838042064,0.0,0.18378409840395268,0.0,0.2888578414250786,0.050646175340551866,0.0
20260704_132808,50,2863,0.00024860388299327026,0.41401713977772564,0.0,0.1935021612217647,0.0,0.22144603562696472,0.01746419839329375,0.017114914425427872
20260704_133321,50,2862,0.13831115044699663,0.6742998225451194,0.0,0.4041887890542393,0.07991222441328105,0.3986722571628232,0.15024458420684836,0.005241090146750524
20260704_133834,50,2863,-0.07323428098857226,1.8272023620937403,0.0,0.7835822850527743,0.20782758623383302,0.24345092560251486,0.21411107230178134,0.08347886831994411
20260704_134349,50,2862,0.16274594616332091,0.5787898324949801,0.0,0.26547656678052517,0.0,0.22571628232005592,0.06638714185883997,0.014675052410901468
20260704_134903,50,2862,0.02964676558579962,0.3615534319395318,0.0,0.18862536378881284,0.0,0.2344514325646401,0.016771488469601678,0.0
20260704_135418,50,2863,-0.20889088279222842,0.7226999784332111,0.0,0.4145128505488993,0.03197976320645779,0.13587146349982535,0.1198044009779951,0.03807195249738037
20260704_135929,50,2863,-0.1644026687650112,1.161024671871207,0.0,0.7054800808044431,0.4958647281028128,0.2979392245895913,0.22913028292001397,0.06880894166957736
20260704_140444,50,2863,0.082629001132244,1.0222942918399722,0.0,0.5826930945398373,0.20808539824668237,0.27209221096751657,0.23786238211666086,0.07265106531610199
20260704_141000,50,2863,0.02546444264062938,0.8028032058634209,0.0,0.36316935815597257,0.0,0.15892420537897312,0.13202933985330073,0.03597624869018512
20260704_141515,50,2863,0.0733786252109238,0.48707928550891877,0.0,0.17154807870697739,0.0,0.13831645127488648,0.06950750960530912,0.017114914425427872
20260704_142028,50,2863,-0.1312366682937451,0.7932920091465125,0.0,0.4162892806504384,0.0,0.1868669228082431,0.20572825707300035,0.035277680754453374
20260704_142541,50,2862,0.057089501341755736,0.47645098505283956,0.0,0.20366658070980947,0.0,0.1949685534591195,0.061495457721872815,0.017120894479385047
20260704_143056,50,2862,-0.03551278263317428,0.613500119095755,0.0,0.34346820042014914,0.032029082406292986,0.1642208245981831,0.0957372466806429,0.007686932215234102
20260704_143609,50,2863,-0.07700633648885927,0.8454038236324598,0.0,0.49703462355967,0.20825040028094044,0.2996856444289207,0.17918267551519385,0.03981837233670975
20260704_144124,50,2863,0.07107405214258747,0.5780312358791905,0.0,0.311390748604367,0.0,0.20572825707300035,0.13377575969263011,0.015717778553964373
20260704_144638,50,2863,0.053984519541972385,0.5515971021846623,0.0,0.3082602626065082,0.0,0.28012574222843173,0.12294795668878798,0.0
20260704_145150,50,2863,0.06500284229777739,0.5604219849850327,0.0,0.25439744310791584,0.0,0.26440796367446734,0.057981138665735246,0.025847013622074748
20260704_145704,50,2863,-0.03969408784671079,0.18293131613938385,0.0,0.0659733831037576,0.0,0.04086622424030737,0.0,0.0
20260704_125643,100,2812,-0.12164679877088547,0.8602948355749592,0.0,0.5400369529766862,0.0,0.19274537695590327,0.2592460881934566,0.006756756756756757
20260704_130157,100,2813,-0.09606663110979169,0.7048157826413424,0.0,0.34474331203306163,0.0,0.14397440455030217,0.13544258798435835,0.029861357980803412
20260704_130711,100,2812,-0.15260743584582193,0.5894612332345264,0.0,0.3423043118150898,0.01600157455428075,0.19238975817923187,0.08179231863442389,0.0
20260704_131225,100,2812,-0.02678657283773235,0.8228798108008608,0.0,0.45787214853168284,0.04799865603866138,0.24786628733997154,0.17425320056899005,0.08534850640113797
20260704_131740,100,2813,0.2681262026607929,0.6001154257211662,0.015991466952858246,0.3640529218900821,0.06396576552214484,0.5172413793103449,0.1226448631354426,0.03341628154994668
20260704_132254,100,2813,0.010246959320860432,0.5620106728078866,0.0,0.34778702533365285,0.1598755528697815,0.4201919658727337,0.11624600071098472,0.0
20260704_132808,100,2813,-0.006916048808676689,0.6089950984113007,0.0,0.3606946093788839,0.2877976207127375,0.34873800213295414,0.0391041592605759,0.03519374333451831
20260704_133321,100,2812,0.26612939458750856,1.0589457339374941,0.07192570273262255,0.7569831406413677,0.6552320680164314,0.5430298719772404,0.2930298719772404,0.08570412517780938
20260704_133834,100,2813,-0.14902533972101853,2.7783648579190308,0.0,1.4030862585836765,0.6235216342020955,0.3156772129399218,0.3977959473871312,0.17632420902950588
20260704_134349,100,2812,0.28187440908331385,0.692134866358782,0.0,0.4372423628077936,0.1118293930779668,0.3783783783783784,0.13833570412517782,0.014935988620199146
20260704_134903,100,2812,0.056445249152961924,0.5001136016428963,0.0,0.3437392896583655,0.2395509856323308,0.3918918918918919,0.06294452347083926,0.0
20260704_135418,100,2813,-0.4234833396556084,1.0060884551840952,-0.047969644809686685,0.7239043865699861,0.6072863171202592,0.18947742623533595,0.30323498044792035,0.09598293636686811
20260704_135929,100,2813,-0.33883320315916093,1.547431656695276,-0.23994375718316974,1.1072389734141557,0.7038080011778636,0.3412726626377533,0.38215428368290083,0.1347316032705297
20260704_140444,100,2813,0.19445095758652742,1.532540914103042,0.0,1.0279558267941726,0.6398745845814791,0.3807323142552435,0.38784216139353006,0.16921436189121933
20260704_141000,100,2813,0.05804522985419927,1.2753783646740364,0.0,0.6925931012119222,0.14402062375351576,0.22218272307145395,0.2531105581230004,0.0984713828652684
20260704_141515,100,2813,0.1454212559068749,0.690968054638263,0.0,0.33949136599114843,0.0,0.2388908638464273,0.1432634198364735,0.03519374333451831
20260704_142028,100,2813,-0.2746950928605441,1.212945014586466,0.0,0.7942277212439147,0.46431759323395383,0.28688233202986135,0.36260220405261284,0.13970849626733026
20260704_142541,100,2812,0.1167155963604373,0.6684393102830294,0.0,0.3727549063893066,0.016018029893594132,0.3410384068278805,0.14118065433854907,0.033072546230440966
20260704_143056,100,2812,-0.07228928541295368,0.8643538855143212,-0.032029082406292986,0.6136285282825171,0.5765714976690983,0.2706258890469417,0.19487908961593173,0.03556187766714083
20260704_143609,100,2813,-0.14715289507646634,1.3530197755620235,0.0,0.8743001241181543,0.5607352360414986,0.3995734091717028,0.3053679345894063,0.12406683256309989
20260704_144124,100,2813,0.14467666407426158,0.8415013842550042,0.0,0.5550242355703595,0.224236973633829,0.3266974760042659,0.25773195876288657,0.05154639175257732
20260704_144638,100,2813,0.09194652968030934,0.805086592643301,0.0,0.5332638705127747,0.2561292940694848,0.38961962317810167,0.2413793103448276,0.014219694276573054
20260704_145150,100,2813,0.09886170661105217,0.7995925606808376,0.0,0.4459715088505446,0.17603901024454416,0.37433345183078565,0.1134020618556701,0.06221116246000711
20260704_145704,100,2813,-0.08079827309092796,0.29110506209709436,0.0,0.13429107962425196,0.0,0.07714184145040881,0.013864201919658727,0.0
