fold_name,move_feature_set,move_threshold,direction_threshold,n_signals,n_signal_runs,directional_precision,mean_signed_return_bps,median_signed_return_bps,mean_net_return_bps,median_net_return_bps,trimmed_mean_net_return_bps
fold_1_tuesday_late,medium_trade_flow,0.5,0.55,387,18,0.5813953488372093,0.5455554636663819,0.3830477152366729,-0.45444453633361814,-0.6169522847633271,-0.5153833674865582
fold_1_tuesday_late,medium_trade_flow,0.5,0.6,267,18,0.6629213483146067,0.9414041243851088,0.768385786117376,-0.05859587561489123,-0.23161421388262404,-0.17968886117953858
fold_1_tuesday_late,medium_trade_flow,0.5,0.65,54,17,0.5925925925925926,0.30280452331873414,0.42201107848971464,-0.6971954766812658,-0.5779889215102854,-0.5610405623953291
fold_1_tuesday_late,medium_trade_flow,0.5,0.7,1,1,0.0,-1.3081799401515326,-1.3081799401515326,-2.3081799401515326,-2.3081799401515326,-2.3081799401515326
fold_1_tuesday_late,medium_trade_flow,0.55,0.55,144,18,0.5833333333333334,0.8136978066475982,0.6181052683695842,-0.18630219335240195,-0.38189473163041576,-0.3623393050622666
fold_1_tuesday_late,medium_trade_flow,0.55,0.6,102,17,0.6666666666666666,1.1485919770653943,0.734849463375209,0.14859197706539426,-0.26515053662479104,-0.009082923186897678
fold_1_tuesday_late,medium_trade_flow,0.55,0.65,23,11,0.4782608695652174,-0.09333488041942865,-0.11715875949169785,-1.0933348804194285,-1.1171587594916979,-0.975180049524541
fold_1_tuesday_late,medium_trade_flow,0.55,0.7,0,0,,,,,,
fold_1_tuesday_late,medium_trade_flow,0.6,0.55,69,16,0.7101449275362319,1.1539250449770286,1.0164580191118766,0.15392504497702864,0.01645801911187661,0.08782639538394227
fold_1_tuesday_late,medium_trade_flow,0.6,0.6,41,9,0.7073170731707317,1.3124250747036814,1.360185798252589,0.3124250747036814,0.3601857982525889,0.2030007793138436
fold_1_tuesday_late,medium_trade_flow,0.6,0.65,16,7,0.5,0.38000959923387145,0.15556589750664873,-0.6199904007661285,-0.8444341024933513,-0.49644090922288137
fold_1_tuesday_late,medium_trade_flow,0.6,0.7,0,0,,,,,,
fold_1_tuesday_late,medium_trade_flow,0.65,0.55,35,10,0.6571428571428571,0.7645521152559137,1.360185798252589,-0.23544788474408632,0.3601857982525889,-0.2005598073624618
fold_1_tuesday_late,medium_trade_flow,0.65,0.6,24,6,0.7083333333333334,1.7604338352281144,1.6854269529170685,0.7604338352281146,0.6854269529170685,0.7882483518519843
fold_1_tuesday_late,medium_trade_flow,0.65,0.65,10,5,0.6,1.2778190136283343,0.9925185255205138,0.27781901362833405,-0.0074814744794862165,0.7184829774276322
fold_1_tuesday_late,medium_trade_flow,0.65,0.7,0,0,,,,,,
fold_1_tuesday_late,medium_trade_flow,0.7,0.55,21,8,0.6190476190476191,-0.039301953343583496,1.0022778329799031,-1.0393019533435837,0.0022778329799031383,-0.7054887632521983
fold_1_tuesday_late,medium_trade_flow,0.7,0.6,15,6,0.6666666666666666,0.1321706670785646,0.7661271724201946,-0.8678293329214354,-0.23387282757980543,-0.6563913320653142
fold_1_tuesday_late,medium_trade_flow,0.7,0.65,8,5,0.5,0.17595599488162694,0.15556589750664873,-0.8240440051183731,-0.8444341024933513,-0.8240440051183731
fold_1_tuesday_late,medium_trade_flow,0.7,0.7,0,0,,,,,,
fold_1_tuesday_late,medium_trade_flow,0.75,0.55,14,6,0.6428571428571429,0.09873231733300727,1.033617360901018,-0.9012676826669928,0.03361736090101797,-0.5932340246819018
fold_1_tuesday_late,medium_trade_flow,0.75,0.6,11,5,0.45454545454545453,0.7840340009752039,-0.7185989819347149,-0.21596599902479613,-1.718598981934715,-0.6760659899766279
fold_1_tuesday_late,medium_trade_flow,0.75,0.65,4,3,0.5,1.633431715196143,-0.1171031986657578,0.633431715196143,-1.1171031986657578,0.633431715196143
fold_1_tuesday_late,medium_trade_flow,0.75,0.7,0,0,,,,,,
fold_1_tuesday_late,reduced_trade_flow,0.5,0.55,341,18,0.5571847507331378,0.35257200419837625,0.29584578026597974,-0.6474279958016237,-0.7041542197340203,-0.6630862635901849
fold_1_tuesday_late,reduced_trade_flow,0.5,0.6,232,18,0.6681034482758621,0.7319294853639424,0.6566315834144465,-0.2680705146360575,-0.3433684165855535,-0.31574207241762414
fold_1_tuesday_late,reduced_trade_flow,0.5,0.65,50,15,0.58,0.3746207154266212,0.34707814040080276,-0.6253792845733789,-0.6529218595991972,-0.6342517578437614
fold_1_tuesday_late,reduced_trade_flow,0.5,0.7,2,2,0.5,4.702209672602375,4.702209672602375,3.7022096726023754,3.7022096726023754,3.7022096726023754
fold_1_tuesday_late,reduced_trade_flow,0.55,0.55,120,18,0.6416666666666667,1.206132468714945,0.7586239571716336,0.20613246871494512,-0.24137604282836644,-0.09830625506309415
fold_1_tuesday_late,reduced_trade_flow,0.55,0.6,84,16,0.6785714285714286,1.2663927170509341,1.0211172935858936,0.26639271705093426,0.02111729358589365,0.12449391051044247
fold_1_tuesday_late,reduced_trade_flow,0.55,0.65,25,13,0.56,0.3234640488444018,0.41270508717494714,-0.676535951155598,-0.5872949128250529,-0.5180173355488605
fold_1_tuesday_late,reduced_trade_flow,0.55,0.7,0,0,,,,,,
fold_1_tuesday_late,reduced_trade_flow,0.6,0.55,60,12,0.65,0.7965142007369159,0.7195981218832692,-0.20348579926308402,-0.2804018781167308,-0.24073521458507222
fold_1_tuesday_late,reduced_trade_flow,0.6,0.6,37,9,0.6486486486486487,0.5938926425862378,0.5302396449269331,-0.40610735741376225,-0.4697603550730669,-0.4890741048896154
fold_1_tuesday_late,reduced_trade_flow,0.6,0.65,12,6,0.5,-0.0194169636436962,0.15556589750664873,-1.0194169636436963,-0.8444341024933513,-0.9263329880586637
fold_1_tuesday_late,reduced_trade_flow,0.6,0.7,0,0,,,,,,
fold_1_tuesday_late,reduced_trade_flow,0.65,0.55,32,7,0.625,0.7111161723666674,1.007801020908583,-0.2888838276333327,0.007801020908583034,-0.30585765935080295
fold_1_tuesday_late,reduced_trade_flow,0.65,0.6,22,6,0.5454545454545454,0.30882463948561134,0.2689664715854745,-0.6911753605143885,-0.7310335284145255,-0.8589023243225934
fold_1_tuesday_late,reduced_trade_flow,0.65,0.65,9,5,0.4444444444444444,-0.23661279641756178,-0.10157329216164968,-1.2366127964175617,-1.1015732921616497,-1.2366127964175617
fold_1_tuesday_late,reduced_trade_flow,0.65,0.7,0,0,,,,,,
fold_1_tuesday_late,reduced_trade_flow,0.7,0.55,19,7,0.42105263157894735,-0.9799968033512223,-1.1008658583255837,-1.9799968033512223,-2.1008658583255837,-2.0752148220208797
fold_1_tuesday_late,reduced_trade_flow,0.7,0.6,12,5,0.3333333333333333,-0.6182340974909365,-1.2305258282890863,-1.6182340974909366,-2.2305258282890863,-1.8248962239126858
fold_1_tuesday_late,reduced_trade_flow,0.7,0.65,6,5,0.3333333333333333,0.15136441920859944,-0.43263230094958693,-0.8486355807914006,-1.432632300949587,-0.8486355807914006
fold_1_tuesday_late,reduced_trade_flow,0.7,0.7,0,0,,,,,,
fold_1_tuesday_late,reduced_trade_flow,0.75,0.55,12,6,0.75,1.2746881721989456,1.163724172786318,0.2746881721989456,0.1637241727863179,0.3138715933194156
fold_1_tuesday_late,reduced_trade_flow,0.75,0.6,7,3,0.8571428571428571,3.003954692855399,2.8178428943004263,2.003954692855399,1.8178428943004263,2.003954692855399
fold_1_tuesday_late,reduced_trade_flow,0.75,0.65,3,2,0.6666666666666666,2.544864239703385,0.5294849124060086,1.5448642397033854,-0.4705150875939914,1.5448642397033854
fold_1_tuesday_late,reduced_trade_flow,0.75,0.7,0,0,,,,,,
fold_2_wednesday_early,medium_trade_flow,0.5,0.55,577,18,0.5268630849220104,0.2878171544752114,0.09744443840054018,-0.7121828455247886,-0.9025555615994598,-0.7433723533166
fold_2_wednesday_early,medium_trade_flow,0.5,0.6,487,18,0.5749486652977412,0.5466609965212916,0.4372466095170502,-0.4533390034787085,-0.5627533904829498,-0.5117400013460266
fold_2_wednesday_early,medium_trade_flow,0.5,0.65,263,18,0.623574144486692,0.6772169967282462,0.6325967366116458,-0.32278300327175363,-0.36740326338835416,-0.31593185827564596
fold_2_wednesday_early,medium_trade_flow,0.5,0.7,43,14,0.5813953488372093,0.8380506847883641,0.7541392514065492,-0.16194931521163597,-0.24586074859345075,-0.06784154759188864
fold_2_wednesday_early,medium_trade_flow,0.55,0.55,312,18,0.5576923076923077,0.5691317018961735,0.4030887246092574,-0.43086829810382654,-0.5969112753907426,-0.5483302698203597
fold_2_wednesday_early,medium_trade_flow,0.55,0.6,252,18,0.6071428571428571,0.754304437297093,0.5527717282971523,-0.24569556270290713,-0.44722827170284774,-0.3403609824867677
fold_2_wednesday_early,medium_trade_flow,0.55,0.65,128,18,0.5859375,0.8200551115168305,0.6069868350389029,-0.17994488848316942,-0.39301316496109706,-0.3080516125301683
fold_2_wednesday_early,medium_trade_flow,0.55,0.7,29,13,0.5172413793103449,0.4382976929890716,0.4346261852616884,-0.5617023070109284,-0.5653738147383116,-0.3063714538176878
fold_2_wednesday_early,medium_trade_flow,0.6,0.55,151,17,0.5761589403973509,0.5817958346621206,0.1781597234307153,-0.4182041653378793,-0.8218402765692847,-0.4714512772921155
fold_2_wednesday_early,medium_trade_flow,0.6,0.6,124,17,0.5564516129032258,0.5230725177921809,0.16153302919708068,-0.47692748220781905,-0.8384669708029193,-0.5728866305899074
fold_2_wednesday_early,medium_trade_flow,0.6,0.65,65,15,0.6,1.0676227899240056,1.1526114360160822,0.06762278992400539,0.15261143601608218,0.03386420441870906
fold_2_wednesday_early,medium_trade_flow,0.6,0.7,18,11,0.3888888888888889,-0.24740857707619382,-0.06462154836905931,-1.247408577076194,-1.0646215483690593,-1.1007454866602115
fold_2_wednesday_early,medium_trade_flow,0.65,0.55,65,15,0.5384615384615384,0.43813448575754566,0.40244655308496746,-0.5618655142424543,-0.5975534469150325,-0.6729779677192541
fold_2_wednesday_early,medium_trade_flow,0.65,0.6,55,15,0.6,1.0471983286945379,0.9518024961430172,0.047198328694537973,-0.04819750385698285,-0.11307638766046052
fold_2_wednesday_early,medium_trade_flow,0.65,0.65,35,11,0.6,1.0492653640711123,1.4170703841154264,0.049265364071112164,0.4170703841154264,0.1600448497172084
fold_2_wednesday_early,medium_trade_flow,0.65,0.7,14,10,0.5,-0.40538897519735795,0.22186938267054757,-1.4053889751973578,-0.7781306173294524,-1.0743263493336679
fold_2_wednesday_early,medium_trade_flow,0.7,0.55,39,12,0.6410256410256411,1.1552456664637873,1.4170703841154264,0.15524566646378718,0.4170703841154264,0.07846356362036506
fold_2_wednesday_early,medium_trade_flow,0.7,0.6,30,12,0.6,0.90314402265231,1.208615446873229,-0.09685597734769018,0.20861544687322908,-0.19663769721060267
fold_2_wednesday_early,medium_trade_flow,0.7,0.65,22,10,0.5909090909090909,0.7664205120222983,1.4423475731656366,-0.23357948797770173,0.44234757316563655,0.03412964795453662
fold_2_wednesday_early,medium_trade_flow,0.7,0.7,9,8,0.3333333333333333,-1.684483613843361,-0.8235217179630716,-2.6844836138433608,-1.8235217179630716,-2.6844836138433608
fold_2_wednesday_early,medium_trade_flow,0.75,0.55,28,12,0.5714285714285714,0.8751404862784268,0.9271584968162383,-0.1248595137215733,-0.0728415031837617,-0.19514885432588377
fold_2_wednesday_early,medium_trade_flow,0.75,0.6,22,11,0.5454545454545454,0.35333376561454766,0.2428206974092184,-0.6466662343854523,-0.7571793025907816,-0.6056072939930469
fold_2_wednesday_early,medium_trade_flow,0.75,0.65,12,9,0.6666666666666666,1.482283933045651,1.6422235417262732,0.4822839330456509,0.6422235417262732,0.6146585235063959
fold_2_wednesday_early,medium_trade_flow,0.75,0.7,5,5,0.2,-1.7860329898062854,-0.008077009439055871,-2.7860329898062854,-1.0080770094390559,-2.7860329898062854
fold_2_wednesday_early,reduced_trade_flow,0.5,0.55,528,18,0.5492424242424242,0.38527549511136616,0.23491303729139545,-0.6147245048886336,-0.7650869627086045,-0.6445821948124654
fold_2_wednesday_early,reduced_trade_flow,0.5,0.6,452,18,0.5929203539823009,0.6517541283697077,0.5094063544364147,-0.3482458716302923,-0.4905936455635853,-0.3989890562853422
fold_2_wednesday_early,reduced_trade_flow,0.5,0.65,243,18,0.6213991769547325,0.7678206033775443,0.6167444495019936,-0.2321793966224557,-0.3832555504980064,-0.3079042309273276
fold_2_wednesday_early,reduced_trade_flow,0.5,0.7,40,14,0.65,0.9844407544734869,1.0470014643793046,-0.015559245526513176,0.047001464379304636,0.12396864272886615
fold_2_wednesday_early,reduced_trade_flow,0.55,0.55,279,18,0.5591397849462365,0.5354614641891849,0.4024310052164193,-0.464538535810815,-0.5975689947835807,-0.5666676206758625
fold_2_wednesday_early,reduced_trade_flow,0.55,0.6,229,18,0.5895196506550219,0.6304836461358125,0.516727018766705,-0.3695163538641875,-0.483272981233295,-0.4576941498852753
fold_2_wednesday_early,reduced_trade_flow,0.55,0.65,120,18,0.5833333333333334,0.7509492834502177,0.5498328734659941,-0.24905071654978223,-0.4501671265340059,-0.3130716883102856
fold_2_wednesday_early,reduced_trade_flow,0.55,0.7,23,13,0.5652173913043478,0.41620491135232185,0.4346261852616884,-0.583795088647678,-0.5653738147383116,-0.25248455163273004
fold_2_wednesday_early,reduced_trade_flow,0.6,0.55,138,17,0.5362318840579711,0.2512537617784756,0.17767214536335008,-0.7487462382215243,-0.8223278546366499,-0.759718352204188
fold_2_wednesday_early,reduced_trade_flow,0.6,0.6,116,16,0.5689655172413793,0.5259283331689037,0.42032107735734403,-0.47407166683109636,-0.579678922642656,-0.5659141342456155
fold_2_wednesday_early,reduced_trade_flow,0.6,0.65,55,14,0.6181818181818182,0.822542537928138,0.9842479982247188,-0.1774574620718618,-0.015752001775281244,-0.11421927859753486
fold_2_wednesday_early,reduced_trade_flow,0.6,0.7,16,10,0.5,-0.11486678707296749,0.09710573908472409,-1.1148667870729674,-0.9028942609152759,-0.9283172851685266
fold_2_wednesday_early,reduced_trade_flow,0.65,0.55,54,15,0.5555555555555556,0.37476047530260864,0.6627150236437895,-0.6252395246973911,-0.33728497635621046,-0.7308410923533991
fold_2_wednesday_early,reduced_trade_flow,0.65,0.6,44,14,0.6363636363636364,0.8953434595051794,1.5840055579086076,-0.1046565404948206,0.5840055579086076,-0.30050380722989456
fold_2_wednesday_early,reduced_trade_flow,0.65,0.65,24,10,0.625,0.6849102356875264,1.5520057615181493,-0.3150897643124735,0.5520057615181493,-0.12521721295599608
fold_2_wednesday_early,reduced_trade_flow,0.65,0.7,8,7,0.5,-1.660501730786218,-0.18989147631098824,-2.660501730786218,-1.1898914763109882,-2.660501730786218
fold_2_wednesday_early,reduced_trade_flow,0.7,0.55,32,12,0.65625,1.0842218948706184,0.921470146389991,0.08422189487061837,-0.07852985361000897,-0.0389833111459766
fold_2_wednesday_early,reduced_trade_flow,0.7,0.6,27,11,0.5925925925925926,0.9301792056880408,1.0001605096310318,-0.06982079431195914,0.00016050963103175775,-0.25510060679616414
fold_2_wednesday_early,reduced_trade_flow,0.7,0.65,19,10,0.631578947368421,1.0371233468450667,1.6363867608204519,0.03712334684506673,0.6363867608204519,0.0626189193277892
fold_2_wednesday_early,reduced_trade_flow,0.7,0.7,7,6,0.42857142857142855,-0.9625324500390458,-0.008077009439055871,-1.9625324500390458,-1.0080770094390559,-1.9625324500390458
fold_2_wednesday_early,reduced_trade_flow,0.75,0.55,18,10,0.6111111111111112,1.1654017649969588,1.0167493978996411,0.16540176499695886,0.01674939789964114,0.03818064681265865
fold_2_wednesday_early,reduced_trade_flow,0.75,0.6,13,7,0.7692307692307693,1.6898658176120676,2.0989289811224054,0.6898658176120676,1.0989289811224054,0.600174018910378
fold_2_wednesday_early,reduced_trade_flow,0.75,0.65,7,5,0.8571428571428571,3.2307571157974553,2.0989289811224054,2.2307571157974553,1.0989289811224054,2.2307571157974553
fold_2_wednesday_early,reduced_trade_flow,0.75,0.7,2,2,0.5,0.9762083068454164,0.9762083068454164,-0.023791693154583626,-0.023791693154583626,-0.023791693154583626
fold_3_wednesday_late,medium_trade_flow,0.5,0.55,288,18,0.5763888888888888,0.3464321435209674,0.3159173079941846,-0.6535678564790326,-0.6840826920058154,-0.6657441331526925
fold_3_wednesday_late,medium_trade_flow,0.5,0.6,231,18,0.5757575757575758,0.3031312687833631,0.32382082669757395,-0.6968687312166368,-0.676179173302426,-0.6889113070981621
fold_3_wednesday_late,medium_trade_flow,0.5,0.65,126,18,0.6111111111111112,0.6192890231765744,0.5418232184722926,-0.3807109768234256,-0.45817678152770736,-0.4032654703891332
fold_3_wednesday_late,medium_trade_flow,0.5,0.7,0,0,,,,,,
fold_3_wednesday_late,medium_trade_flow,0.55,0.55,106,17,0.5471698113207547,0.17338361165171012,0.23371972190489032,-0.8266163883482899,-0.7662802780951097,-0.6831863574987335
fold_3_wednesday_late,medium_trade_flow,0.55,0.6,84,16,0.6071428571428571,0.37261277360736306,0.46185276263321917,-0.627387226392637,-0.5381472373667808,-0.5800305500940928
fold_3_wednesday_late,medium_trade_flow,0.55,0.65,48,13,0.5416666666666666,0.4439144539889148,0.3385969549402068,-0.5560855460110852,-0.6614030450597932,-0.6249138732635208
fold_3_wednesday_late,medium_trade_flow,0.55,0.7,0,0,,,,,,
fold_3_wednesday_late,medium_trade_flow,0.6,0.55,47,14,0.5531914893617021,0.4210399450704428,0.16195735177082504,-0.5789600549295572,-0.838042648229175,-0.7622910201308877
fold_3_wednesday_late,medium_trade_flow,0.6,0.6,39,11,0.5641025641025641,0.8435462488937545,0.8381777049581984,-0.15645375110624554,-0.16182229504180157,-0.39586218805483614
fold_3_wednesday_late,medium_trade_flow,0.6,0.65,23,10,0.5652173913043478,0.19483555723840223,0.5831106849363277,-0.8051644427615977,-0.4168893150636723,-0.7808791798341236
fold_3_wednesday_late,medium_trade_flow,0.6,0.7,0,0,,,,,,
fold_3_wednesday_late,medium_trade_flow,0.65,0.55,24,10,0.5,-0.3178427350816748,-0.01640345904441176,-1.3178427350816746,-1.0164034590444118,-1.1376167004373263
fold_3_wednesday_late,medium_trade_flow,0.65,0.6,19,10,0.5789473684210527,0.1592094810635334,0.40297264863431437,-0.8407905189364666,-0.5970273513656856,-0.9144985632226103
fold_3_wednesday_late,medium_trade_flow,0.65,0.65,11,6,0.36363636363636365,-0.6332478403392461,-0.29150670910693677,-1.6332478403392463,-1.2915067091069368,-1.3172510436733056
fold_3_wednesday_late,medium_trade_flow,0.65,0.7,0,0,,,,,,
fold_3_wednesday_late,medium_trade_flow,0.7,0.55,13,7,0.23076923076923078,-0.7689465465678433,-1.1154985591477207,-1.7689465465678433,-2.1154985591477207,-1.9280539860761545
fold_3_wednesday_late,medium_trade_flow,0.7,0.6,9,5,0.4444444444444444,-1.0716938700362624,-1.3744537556958925,-2.0716938700362624,-2.3744537556958925,-2.0716938700362624
fold_3_wednesday_late,medium_trade_flow,0.7,0.65,6,3,0.16666666666666666,-1.9058461689330786,-1.4471747163224968,-2.905846168933079,-2.447174716322497,-2.905846168933079
fold_3_wednesday_late,medium_trade_flow,0.7,0.7,0,0,,,,,,
fold_3_wednesday_late,medium_trade_flow,0.75,0.55,3,2,0.3333333333333333,-1.7691999437445076,-1.5198956769491012,-2.7691999437445074,-2.519895676949101,-2.7691999437445074
fold_3_wednesday_late,medium_trade_flow,0.75,0.6,3,2,0.0,-0.7808225661235882,-0.8225720214216636,-1.7808225661235884,-1.8225720214216636,-1.7808225661235884
fold_3_wednesday_late,medium_trade_flow,0.75,0.65,2,1,0.5,1.6263079729855745,1.6263079729855745,0.6263079729855745,0.6263079729855745,0.6263079729855745
fold_3_wednesday_late,medium_trade_flow,0.75,0.7,0,0,,,,,,
fold_3_wednesday_late,reduced_trade_flow,0.5,0.55,251,18,0.5976095617529881,0.44103995746792973,0.42007201003668726,-0.5589600425320703,-0.5799279899633127,-0.5894866285077762
fold_3_wednesday_late,reduced_trade_flow,0.5,0.6,206,18,0.6116504854368932,0.4164989846362078,0.44921837313693924,-0.5835010153637922,-0.5507816268630608,-0.6053477694605296
fold_3_wednesday_late,reduced_trade_flow,0.5,0.65,111,17,0.6216216216216216,0.5930546850190193,0.48296929522684273,-0.4069453149809807,-0.5170307047731573,-0.4206288693158353
fold_3_wednesday_late,reduced_trade_flow,0.5,0.7,0,0,,,,,,
fold_3_wednesday_late,reduced_trade_flow,0.55,0.55,91,14,0.6373626373626373,0.4921071364854784,0.46854942752139195,-0.5078928635145216,-0.531450572478608,-0.4059811856103935
fold_3_wednesday_late,reduced_trade_flow,0.55,0.6,77,14,0.6233766233766234,0.4381059183350771,0.4192219723908597,-0.5618940816649229,-0.5807780276091403,-0.5149008151388309
fold_3_wednesday_late,reduced_trade_flow,0.55,0.65,45,11,0.5555555555555556,0.3894310692612221,0.4192219723908597,-0.610568930738778,-0.5807780276091403,-0.6967581244663177
fold_3_wednesday_late,reduced_trade_flow,0.55,0.7,0,0,,,,,,
fold_3_wednesday_late,reduced_trade_flow,0.6,0.55,43,13,0.5813953488372093,0.32486774366198606,0.25869979101811325,-0.675132256338014,-0.7413002089818868,-0.6057803152008487
fold_3_wednesday_late,reduced_trade_flow,0.6,0.6,35,11,0.6285714285714286,0.6503740257507599,1.064625167255251,-0.34962597424924013,0.06462516725525091,-0.3699170228288043
fold_3_wednesday_late,reduced_trade_flow,0.6,0.65,22,9,0.5909090909090909,0.21016591426301837,0.5094415397005614,-0.7898340857369817,-0.4905584602994386,-0.7607928955302888
fold_3_wednesday_late,reduced_trade_flow,0.6,0.7,0,0,,,,,,
fold_3_wednesday_late,reduced_trade_flow,0.65,0.55,22,9,0.5,-0.3328391289263029,-0.27387920756460904,-1.3328391289263029,-1.273879207564609,-1.1810532461831655
fold_3_wednesday_late,reduced_trade_flow,0.65,0.6,15,8,0.6666666666666666,0.3898780409628729,0.5328626917810997,-0.6101219590371271,-0.4671373082189003,-0.6710219308114167
fold_3_wednesday_late,reduced_trade_flow,0.65,0.65,7,3,0.42857142857142855,-0.6550719690177699,-0.16166907149450793,-1.65507196901777,-1.161669071494508,-1.65507196901777
fold_3_wednesday_late,reduced_trade_flow,0.65,0.7,0,0,,,,,,
fold_3_wednesday_late,reduced_trade_flow,0.7,0.55,11,6,0.18181818181818182,-0.7787268065119101,-0.7769058268736195,-1.7787268065119102,-1.7769058268736195,-1.9753648458985273
fold_3_wednesday_late,reduced_trade_flow,0.7,0.6,6,3,0.5,-1.2396714616169646,-0.7867746759104843,-2.2396714616169646,-1.7867746759104843,-2.2396714616169646
fold_3_wednesday_late,reduced_trade_flow,0.7,0.65,4,2,0.25,-1.2175648174375664,-0.3798962095391545,-2.2175648174375664,-1.3798962095391545,-2.2175648174375664
fold_3_wednesday_late,reduced_trade_flow,0.7,0.7,0,0,,,,,,
fold_3_wednesday_late,reduced_trade_flow,0.75,0.55,6,5,0.3333333333333333,-1.3960571404366313,-1.6169739352439594,-2.3960571404366315,-2.6169739352439594,-2.3960571404366315
fold_3_wednesday_late,reduced_trade_flow,0.75,0.6,4,3,0.25,-2.0996811791029746,-1.3362585247217451,-3.0996811791029746,-2.336258524721745,-3.0996811791029746
fold_3_wednesday_late,reduced_trade_flow,0.75,0.65,2,1,0.0,-5.050160146299887,-5.050160146299887,-6.050160146299887,-6.050160146299887,-6.050160146299887
fold_3_wednesday_late,reduced_trade_flow,0.75,0.7,0,0,,,,,,
