fold,run_name,n_signals,mean_net_bps,median_net_bps,total_net_bps,model
fold_2_tue_wed_to_thu,20260709_201919,7,2.282864243466164,2.0319265035605447,15.98004970426315,two_stage_sensitivity_0p65_0p65
fold_2_tue_wed_to_thu,20260709_190555,7,1.6503517159121819,1.4745819978910788,11.552462011385273,two_stage_sensitivity_0p65_0p65
fold_3_tue_wed_thu_to_fri,20260717_190514,6,1.7307951734441744,1.0514088584333567,10.384771040665047,two_stage_sensitivity_0p65_0p65
fold_1_tue_to_wed,20260708_194153,1,9.981949785702216,9.981949785702216,9.981949785702216,two_stage_sensitivity_0p65_0p65
fold_3_tue_wed_thu_to_fri,20260717_202902,2,4.818848881755101,4.818848881755101,9.637697763510202,two_stage_sensitivity_0p65_0p65
fold_1_tue_to_wed,20260708_213658,4,2.134842410139893,1.707253151754685,8.539369640559572,two_stage_sensitivity_0p65_0p65
fold_2_tue_wed_to_thu,20260709_202431,2,4.107518457667104,4.107518457667104,8.215036915334208,two_stage_sensitivity_0p65_0p65
fold_2_tue_wed_to_thu,20260709_205559,2,3.8312085195323373,3.8312085195323373,7.662417039064675,two_stage_sensitivity_0p65_0p65
fold_1_tue_to_wed,20260708_191538,3,2.4591056470882156,2.718184265129043,7.377316941264647,two_stage_sensitivity_0p65_0p65
fold_2_tue_wed_to_thu,20260709_211653,3,2.289583718661578,2.424414803346876,6.868751155984734,two_stage_sensitivity_0p65_0p65
fold_3_tue_wed_thu_to_fri,20260717_210027,3,1.985121118725953,3.467150265938802,5.955363356177859,two_stage_sensitivity_0p65_0p65
fold_3_tue_wed_thu_to_fri,20260717_195732,2,2.6503243099855753,2.6503243099855753,5.300648619971151,two_stage_sensitivity_0p65_0p65
fold_3_tue_wed_thu_to_fri,20260717_210541,3,1.7248859428008476,0.7157829204039743,5.174657828402543,two_stage_sensitivity_0p65_0p65
fold_3_tue_wed_thu_to_fri,20260717_194705,2,2.5849916938118787,2.5849916938118787,5.169983387623757,two_stage_sensitivity_0p65_0p65
fold_3_tue_wed_thu_to_fri,20260717_195219,1,4.757357436203536,4.757357436203536,4.757357436203536,two_stage_sensitivity_0p65_0p65
fold_1_tue_to_wed,20260708_202345,2,2.273781669172471,2.273781669172471,4.547563338344942,two_stage_sensitivity_0p65_0p65
fold_1_tue_to_wed,20260708_191023,4,1.0891247008650304,0.8524999321639646,4.356498803460122,two_stage_sensitivity_0p65_0p65
fold_3_tue_wed_thu_to_fri,20260717_203415,2,1.9093551345971136,1.9093551345971136,3.818710269194227,two_stage_sensitivity_0p65_0p65
fold_1_tue_to_wed,20260708_192607,1,3.5575983634593698,3.5575983634593698,3.5575983634593698,two_stage_sensitivity_0p65_0p65
fold_2_tue_wed_to_thu,20260709_200334,3,1.1118585917756503,1.0592836069144305,3.335575775326951,two_stage_sensitivity_0p65_0p65
fold_2_tue_wed_to_thu,20260709_201404,2,1.6112122561045004,1.6112122561045004,3.2224245122090007,two_stage_sensitivity_0p65_0p65
fold_2_tue_wed_to_thu,20260709_203501,2,1.5045057873501753,1.5045057873501753,3.0090115747003505,two_stage_sensitivity_0p65_0p65
fold_3_tue_wed_thu_to_fri,20260717_220315,2,1.4357139895803126,1.4357139895803126,2.871427979160625,two_stage_sensitivity_0p65_0p65
fold_2_tue_wed_to_thu,20260709_192139,2,1.208637476985853,1.208637476985853,2.417274953971706,two_stage_sensitivity_0p65_0p65
fold_1_tue_to_wed,20260708_213144,1,2.1760655578727537,2.1760655578727537,2.1760655578727537,two_stage_sensitivity_0p65_0p65
fold_2_tue_wed_to_thu,20260709_193210,3,0.7069228807202,0.783878358609936,2.1207686421606002,two_stage_sensitivity_0p65_0p65
fold_3_tue_wed_thu_to_fri,20260717_202347,2,0.6779474061212607,0.6779474061212607,1.3558948122425214,two_stage_sensitivity_0p65_0p65
fold_3_tue_wed_thu_to_fri,20260717_212637,1,0.6713377403032581,0.6713377403032581,0.6713377403032581,two_stage_sensitivity_0p65_0p65
fold_3_tue_wed_thu_to_fri,20260717_211055,1,0.543670517705209,0.543670517705209,0.543670517705209,two_stage_sensitivity_0p65_0p65
fold_2_tue_wed_to_thu,20260709_194237,3,0.14361443659320253,0.6359034753410384,0.4308433097796076,two_stage_sensitivity_0p65_0p65
fold_3_tue_wed_thu_to_fri,20260717_214215,2,0.1855132533283852,0.1855132533283852,0.3710265066567704,two_stage_sensitivity_0p65_0p65
fold_3_tue_wed_thu_to_fri,20260717_203929,1,-0.0346428692955527,-0.0346428692955527,-0.0346428692955527,two_stage_sensitivity_0p65_0p65
fold_1_tue_to_wed,20260708_192052,4,-0.03839634458169173,-0.24335115714768563,-0.1535853783267669,two_stage_sensitivity_0p65_0p65
fold_3_tue_wed_thu_to_fri,20260717_191545,5,-0.039718291638845306,0.3114101372013742,-0.19859145819422652,two_stage_sensitivity_0p65_0p65
fold_1_tue_to_wed,20260708_203410,2,-0.14903894078832547,-0.14903894078832547,-0.29807788157665094,two_stage_sensitivity_0p65_0p65
fold_3_tue_wed_thu_to_fri,20260717_200247,11,-0.03694651728064915,0.1119856966868013,-0.4064116900871406,two_stage_sensitivity_0p65_0p65
fold_3_tue_wed_thu_to_fri,20260717_192100,2,-0.210454670335313,-0.210454670335313,-0.420909340670626,two_stage_sensitivity_0p65_0p65
fold_2_tue_wed_to_thu,20260709_212722,4,-0.16251070978534532,-0.3779790219439185,-0.6500428391413813,two_stage_sensitivity_0p65_0p65
fold_2_tue_wed_to_thu,20260709_194752,1,-0.9204251841555812,-0.9204251841555812,-0.9204251841555812,two_stage_sensitivity_0p65_0p65
fold_3_tue_wed_thu_to_fri,20260717_204444,1,-1.0,-1.0,-1.0,two_stage_sensitivity_0p65_0p65
fold_1_tue_to_wed,20260708_214213,1,-1.177307965398832,-1.177307965398832,-1.177307965398832,two_stage_sensitivity_0p65_0p65
fold_3_tue_wed_thu_to_fri,20260717_215245,1,-1.2123512951057729,-1.2123512951057729,-1.2123512951057729,two_stage_sensitivity_0p65_0p65
fold_2_tue_wed_to_thu,20260709_193725,2,-0.6820691422805272,-0.6820691422805272,-1.3641382845610543,two_stage_sensitivity_0p65_0p65
fold_2_tue_wed_to_thu,20260709_200849,2,-0.6902935126136259,-0.6902935126136259,-1.3805870252272519,two_stage_sensitivity_0p65_0p65
fold_3_tue_wed_thu_to_fri,20260717_204958,1,-1.4902615861868131,-1.4902615861868131,-1.4902615861868131,two_stage_sensitivity_0p65_0p65
fold_3_tue_wed_thu_to_fri,20260717_214730,2,-0.7523710320140866,-0.7523710320140866,-1.5047420640281732,two_stage_sensitivity_0p65_0p65
fold_3_tue_wed_thu_to_fri,20260717_193127,10,-0.16152491639065322,-0.10614706645384246,-1.6152491639065323,two_stage_sensitivity_0p65_0p65
fold_1_tue_to_wed,20260708_195223,6,-0.27956862962596934,0.6047063779872639,-1.6774117777558162,two_stage_sensitivity_0p65_0p65
fold_2_tue_wed_to_thu,20260709_190039,7,-0.2719055714580317,0.1745202124602283,-1.9033390002062216,two_stage_sensitivity_0p65_0p65
fold_2_tue_wed_to_thu,20260709_192655,2,-1.0318701875295924,-1.0318701875295924,-2.0637403750591847,two_stage_sensitivity_0p65_0p65
fold_3_tue_wed_thu_to_fri,20260717_192613,3,-0.7686846770494906,0.2972641174369137,-2.306054031148472,two_stage_sensitivity_0p65_0p65
fold_3_tue_wed_thu_to_fri,20260717_200802,1,-2.398131429120042,-2.398131429120042,-2.398131429120042,two_stage_sensitivity_0p65_0p65
fold_1_tue_to_wed,20260708_215758,1,-2.78772605272548,-2.78772605272548,-2.78772605272548,two_stage_sensitivity_0p65_0p65
fold_2_tue_wed_to_thu,20260709_212207,2,-1.447257900200171,-1.447257900200171,-2.894515800400342,two_stage_sensitivity_0p65_0p65
fold_1_tue_to_wed,20260708_210018,2,-1.7369771635412636,-1.7369771635412636,-3.4739543270825273,two_stage_sensitivity_0p65_0p65
fold_3_tue_wed_thu_to_fri,20260717_185958,19,-0.185849954224045,-0.6993502008424404,-3.5311491302568547,two_stage_sensitivity_0p65_0p65
fold_1_tue_to_wed,20260708_193122,1,-3.774970092436213,-3.774970092436213,-3.774970092436213,two_stage_sensitivity_0p65_0p65
fold_2_tue_wed_to_thu,20260709_213235,1,-3.878259968268626,-3.878259968268626,-3.878259968268626,two_stage_sensitivity_0p65_0p65
fold_1_tue_to_wed,20260708_201318,4,-1.0530179972882407,-1.016231118137311,-4.212071989152963,two_stage_sensitivity_0p65_0p65
fold_3_tue_wed_thu_to_fri,20260717_212123,2,-2.1799349632146683,-2.1799349632146683,-4.359869926429337,two_stage_sensitivity_0p65_0p65
fold_3_tue_wed_thu_to_fri,20260717_201317,3,-1.7847007678363216,-1.0,-5.354102303508965,two_stage_sensitivity_0p65_0p65
fold_3_tue_wed_thu_to_fri,20260717_194153,3,-1.869473688784132,-1.0,-5.6084210663523955,two_stage_sensitivity_0p65_0p65
fold_2_tue_wed_to_thu,20260709_202947,4,-1.4198299711122289,-2.317534947661292,-5.6793198844489154,two_stage_sensitivity_0p65_0p65
fold_1_tue_to_wed,20260708_185955,5,-1.6573292199232306,-1.823521717963072,-8.286646099616153,two_stage_sensitivity_0p65_0p65
fold_3_tue_wed_thu_to_fri,20260717_201832,7,-1.3280329676631182,-1.079453297749943,-9.296230773641827,two_stage_sensitivity_0p65_0p65
fold_1_tue_to_wed,20260708_190508,4,-2.497988538113615,-1.831462735551014,-9.99195415245446,two_stage_sensitivity_0p65_0p65
fold_3_tue_wed_thu_to_fri,20260717_191029,6,-3.340549590032492,-4.1673403073861905,-20.043297540194953,two_stage_sensitivity_0p65_0p65
fold_3_tue_wed_thu_to_fri,20260717_193639,11,-1.8667171100189146,-0.984205143594984,-20.53388821020806,two_stage_sensitivity_0p65_0p65
fold_1_tue_to_wed,20260708_194153,1,9.981949785702216,9.981949785702216,9.981949785702216,two_stage_primary_0p75_0p65
fold_3_tue_wed_thu_to_fri,20260717_202902,2,4.818848881755101,4.818848881755101,9.637697763510202,two_stage_primary_0p75_0p65
fold_2_tue_wed_to_thu,20260709_202431,1,9.612189174773468,9.612189174773468,9.612189174773468,two_stage_primary_0p75_0p65
fold_3_tue_wed_thu_to_fri,20260717_190514,4,1.6482504806374374,1.0514088584333567,6.59300192254975,two_stage_primary_0p75_0p65
fold_3_tue_wed_thu_to_fri,20260717_200247,5,0.8431253162749517,0.9955511878677612,4.215626581374758,two_stage_primary_0p75_0p65
fold_3_tue_wed_thu_to_fri,20260717_194705,1,4.191282127982033,4.191282127982033,4.191282127982033,two_stage_primary_0p75_0p65
fold_2_tue_wed_to_thu,20260709_200334,1,3.894642425778972,3.894642425778972,3.894642425778972,two_stage_primary_0p75_0p65
fold_1_tue_to_wed,20260708_191538,1,2.718184265129043,2.718184265129043,2.718184265129043,two_stage_primary_0p75_0p65
fold_3_tue_wed_thu_to_fri,20260717_210027,2,1.3085382432280754,1.3085382432280754,2.617076486456151,two_stage_primary_0p75_0p65
fold_3_tue_wed_thu_to_fri,20260717_193127,2,0.8340826419971368,0.8340826419971368,1.6681652839942736,two_stage_primary_0p75_0p65
fold_1_tue_to_wed,20260708_202345,1,1.468925245978637,1.468925245978637,1.468925245978637,two_stage_primary_0p75_0p65
fold_1_tue_to_wed,20260708_213658,2,0.6263079729855745,0.6263079729855745,1.252615945971149,two_stage_primary_0p75_0p65
fold_1_tue_to_wed,20260708_185955,1,1.0989289811224054,1.0989289811224054,1.0989289811224054,two_stage_primary_0p75_0p65
fold_2_tue_wed_to_thu,20260709_205559,1,0.8070860061503158,0.8070860061503158,0.8070860061503158,two_stage_primary_0p75_0p65
fold_2_tue_wed_to_thu,20260709_194237,1,0.6359034753410384,0.6359034753410384,0.6359034753410384,two_stage_primary_0p75_0p65
fold_1_tue_to_wed,20260708_191023,1,0.4170703841154264,0.4170703841154264,0.4170703841154264,two_stage_primary_0p75_0p65
fold_3_tue_wed_thu_to_fri,20260717_214215,2,0.1855132533283852,0.1855132533283852,0.3710265066567704,two_stage_primary_0p75_0p65
fold_1_tue_to_wed,20260708_213144,1,0.1316542279005137,0.1316542279005137,0.1316542279005137,two_stage_primary_0p75_0p65
fold_3_tue_wed_thu_to_fri,20260717_215245,1,-0.0561474297723343,-0.0561474297723343,-0.0561474297723343,two_stage_primary_0p75_0p65
fold_3_tue_wed_thu_to_fri,20260717_201317,1,-0.331591758526816,-0.331591758526816,-0.331591758526816,two_stage_primary_0p75_0p65
fold_3_tue_wed_thu_to_fri,20260717_220315,1,-0.5607460727964355,-0.5607460727964355,-0.5607460727964355,two_stage_primary_0p75_0p65
fold_1_tue_to_wed,20260708_195223,3,-0.19019742821935112,0.4676247622158467,-0.5705922846580533,two_stage_primary_0p75_0p65
fold_1_tue_to_wed,20260708_201318,1,-1.0,-1.0,-1.0,two_stage_primary_0p75_0p65
fold_2_tue_wed_to_thu,20260709_190039,1,-1.4284541137544728,-1.4284541137544728,-1.4284541137544728,two_stage_primary_0p75_0p65
fold_3_tue_wed_thu_to_fri,20260717_214730,2,-0.7523710320140866,-0.7523710320140866,-1.5047420640281732,two_stage_primary_0p75_0p65
fold_2_tue_wed_to_thu,20260709_212207,1,-1.686827996705386,-1.686827996705386,-1.686827996705386,two_stage_primary_0p75_0p65
fold_1_tue_to_wed,20260708_192052,1,-1.998030499489433,-1.998030499489433,-1.998030499489433,two_stage_primary_0p75_0p65
fold_1_tue_to_wed,20260708_215758,1,-2.78772605272548,-2.78772605272548,-2.78772605272548,two_stage_primary_0p75_0p65
fold_3_tue_wed_thu_to_fri,20260717_212123,1,-2.964924906725507,-2.964924906725507,-2.964924906725507,two_stage_primary_0p75_0p65
fold_2_tue_wed_to_thu,20260709_190555,1,-3.5111032881941497,-3.5111032881941497,-3.5111032881941497,two_stage_primary_0p75_0p65
fold_3_tue_wed_thu_to_fri,20260717_210541,1,-4.1496931017782615,-4.1496931017782615,-4.1496931017782615,two_stage_primary_0p75_0p65
fold_2_tue_wed_to_thu,20260709_201919,5,-0.9000149228485235,-5.654981186117402,-4.500074614242617,two_stage_primary_0p75_0p65
fold_3_tue_wed_thu_to_fri,20260717_191545,2,-2.4306359144011793,-2.4306359144011793,-4.861271828802359,two_stage_primary_0p75_0p65
fold_3_tue_wed_thu_to_fri,20260717_191029,2,-2.5776672193523744,-2.5776672193523744,-5.155334438704749,two_stage_primary_0p75_0p65
fold_3_tue_wed_thu_to_fri,20260717_194153,1,-5.396337755764312,-5.396337755764312,-5.396337755764312,two_stage_primary_0p75_0p65
fold_3_tue_wed_thu_to_fri,20260717_193639,4,-1.4851196296185027,-2.3037356100242814,-5.940478518474011,two_stage_primary_0p75_0p65
fold_1_tue_to_wed,20260708_190508,2,-3.1645143406762157,-3.1645143406762157,-6.3290286813524315,two_stage_primary_0p75_0p65
fold_3_tue_wed_thu_to_fri,20260717_185958,7,-2.046150707739882,-2.0600334938937195,-14.323054954179176,two_stage_primary_0p75_0p65
