evaluation_method,model,cost_scenario,round_trip_cost_bps,n_signals_or_trades,gross_mean_signed_return_bps,net_mean_signed_return_bps,net_median_signed_return_bps,net_positive_share
cooldown_first_signal,hist_gradient_boosting_dynamic_full,no_cost,0.0,651,0.11823656206577456,0.11823656206577456,0.033568339685707826,0.5099846390168971
cooldown_first_signal,hist_gradient_boosting_dynamic_full,very_low_cost,1.0,651,0.11823656206577456,-0.8817634379342255,-0.9664316603142922,0.35176651305683565
cooldown_first_signal,hist_gradient_boosting_dynamic_full,low_cost,2.0,651,0.11823656206577456,-1.8817634379342256,-1.9664316603142922,0.22580645161290322
cooldown_first_signal,hist_gradient_boosting_dynamic_full,medium_cost,3.0,651,0.11823656206577456,-2.8817634379342256,-2.966431660314292,0.13978494623655913
cooldown_first_signal,hist_gradient_boosting_dynamic_full,high_cost,4.0,651,0.11823656206577456,-3.8817634379342256,-3.966431660314292,0.0890937019969278
cooldown_first_signal,hist_gradient_boosting_dynamic_full,expensive_taker_like,5.0,651,0.11823656206577456,-4.881763437934226,-4.966431660314292,0.05222734254992319
cooldown_first_signal,hist_gradient_boosting_dynamic_full,very_expensive_round_trip,9.0,651,0.11823656206577456,-8.881763437934223,-8.966431660314292,0.010752688172043012
cooldown_first_signal,lightgbm_dynamic_compact,no_cost,0.0,621,0.16400893217207274,0.16400893217207274,0.06681114576911895,0.5088566827697263
cooldown_first_signal,lightgbm_dynamic_compact,very_low_cost,1.0,621,0.16400893217207274,-0.8359910678279273,-0.933188854230881,0.355877616747182
cooldown_first_signal,lightgbm_dynamic_compact,low_cost,2.0,621,0.16400893217207274,-1.8359910678279272,-1.933188854230881,0.23510466988727857
cooldown_first_signal,lightgbm_dynamic_compact,medium_cost,3.0,621,0.16400893217207274,-2.835991067827927,-2.933188854230881,0.15458937198067632
cooldown_first_signal,lightgbm_dynamic_compact,high_cost,4.0,621,0.16400893217207274,-3.8359910678279276,-3.933188854230881,0.10305958132045089
cooldown_first_signal,lightgbm_dynamic_compact,expensive_taker_like,5.0,621,0.16400893217207274,-4.835991067827928,-4.933188854230881,0.0499194847020934
cooldown_first_signal,lightgbm_dynamic_compact,very_expensive_round_trip,9.0,621,0.16400893217207274,-8.835991067827928,-8.933188854230881,0.00644122383252818
cooldown_first_signal,logit_dynamic_compact,no_cost,0.0,398,0.6968272774337645,0.6968272774337645,0.610475356381257,0.6080402010050251
cooldown_first_signal,logit_dynamic_compact,very_low_cost,1.0,398,0.6968272774337645,-0.3031727225662355,-0.38952464361874295,0.4321608040201005
cooldown_first_signal,logit_dynamic_compact,low_cost,2.0,398,0.6968272774337645,-1.3031727225662355,-1.389524643618743,0.314070351758794
cooldown_first_signal,logit_dynamic_compact,medium_cost,3.0,398,0.6968272774337645,-2.3031727225662353,-2.389524643618743,0.1984924623115578
cooldown_first_signal,logit_dynamic_compact,high_cost,4.0,398,0.6968272774337645,-3.3031727225662357,-3.389524643618743,0.12562814070351758
cooldown_first_signal,logit_dynamic_compact,expensive_taker_like,5.0,398,0.6968272774337645,-4.303172722566235,-4.389524643618743,0.08793969849246232
cooldown_first_signal,logit_dynamic_compact,very_expensive_round_trip,9.0,398,0.6968272774337645,-8.303172722566234,-8.389524643618742,0.005025125628140704
cooldown_first_signal,xgboost_dynamic_full,no_cost,0.0,651,0.13338649150146556,0.13338649150146556,0.05042309175751214,0.5145929339477726
cooldown_first_signal,xgboost_dynamic_full,very_low_cost,1.0,651,0.13338649150146556,-0.8666135084985345,-0.9495769082424879,0.35944700460829493
cooldown_first_signal,xgboost_dynamic_full,low_cost,2.0,651,0.13338649150146556,-1.8666135084985345,-1.9495769082424879,0.23195084485407066
cooldown_first_signal,xgboost_dynamic_full,medium_cost,3.0,651,0.13338649150146556,-2.8666135084985345,-2.949576908242488,0.14592933947772657
cooldown_first_signal,xgboost_dynamic_full,high_cost,4.0,651,0.13338649150146556,-3.8666135084985345,-3.949576908242488,0.08141321044546851
cooldown_first_signal,xgboost_dynamic_full,expensive_taker_like,5.0,651,0.13338649150146556,-4.866613508498534,-4.949576908242488,0.047619047619047616
cooldown_first_signal,xgboost_dynamic_full,very_expensive_round_trip,9.0,651,0.13338649150146556,-8.866613508498535,-8.949576908242488,0.009216589861751152
raw_selected_signal,hist_gradient_boosting_dynamic_full,no_cost,0.0,26108,0.060765170767476485,0.060765170767476485,-0.016750376673480005,0.4972422246054849
raw_selected_signal,hist_gradient_boosting_dynamic_full,very_low_cost,1.0,26108,0.060765170767476485,-0.9392348292325234,-1.01675037667348,0.3355676421020377
raw_selected_signal,hist_gradient_boosting_dynamic_full,low_cost,2.0,26108,0.060765170767476485,-1.9392348292325232,-2.01675037667348,0.2236479240079669
raw_selected_signal,hist_gradient_boosting_dynamic_full,medium_cost,3.0,26108,0.060765170767476485,-2.9392348292325234,-3.01675037667348,0.15056687605331698
raw_selected_signal,hist_gradient_boosting_dynamic_full,high_cost,4.0,26108,0.060765170767476485,-3.9392348292325234,-4.01675037667348,0.09361115366937338
raw_selected_signal,hist_gradient_boosting_dynamic_full,expensive_taker_like,5.0,26108,0.060765170767476485,-4.939234829232524,-5.01675037667348,0.05714723456411828
raw_selected_signal,hist_gradient_boosting_dynamic_full,very_expensive_round_trip,9.0,26108,0.060765170767476485,-8.939234829232523,-9.01675037667348,0.007660487206986364
raw_selected_signal,lightgbm_dynamic_compact,no_cost,0.0,18670,0.16821457307596582,0.16821457307596582,0.10074526308301301,0.5189608998393144
raw_selected_signal,lightgbm_dynamic_compact,very_low_cost,1.0,18670,0.16821457307596582,-0.831785426924034,-0.899254736916987,0.35109801821103376
raw_selected_signal,lightgbm_dynamic_compact,low_cost,2.0,18670,0.16821457307596582,-1.8317854269240343,-1.899254736916987,0.23540439207284414
raw_selected_signal,lightgbm_dynamic_compact,medium_cost,3.0,18670,0.16821457307596582,-2.831785426924034,-2.899254736916987,0.15773968934118907
raw_selected_signal,lightgbm_dynamic_compact,high_cost,4.0,18670,0.16821457307596582,-3.831785426924034,-3.899254736916987,0.09737546866630958
raw_selected_signal,lightgbm_dynamic_compact,expensive_taker_like,5.0,18670,0.16821457307596582,-4.831785426924034,-4.899254736916987,0.060739153722549545
raw_selected_signal,lightgbm_dynamic_compact,very_expensive_round_trip,9.0,18670,0.16821457307596582,-8.831785426924034,-8.899254736916987,0.0080878414568827
raw_selected_signal,logit_dynamic_compact,no_cost,0.0,2244,0.629954929038702,0.629954929038702,0.6179019556595833,0.5882352941176471
raw_selected_signal,logit_dynamic_compact,very_low_cost,1.0,2244,0.629954929038702,-0.37004507096129796,-0.3820980443404167,0.43493761140819964
raw_selected_signal,logit_dynamic_compact,low_cost,2.0,2244,0.629954929038702,-1.370045070961298,-1.3820980443404167,0.3181818181818182
raw_selected_signal,logit_dynamic_compact,medium_cost,3.0,2244,0.629954929038702,-2.370045070961298,-2.3820980443404167,0.22281639928698752
raw_selected_signal,logit_dynamic_compact,high_cost,4.0,2244,0.629954929038702,-3.370045070961298,-3.3820980443404167,0.14260249554367202
raw_selected_signal,logit_dynamic_compact,expensive_taker_like,5.0,2244,0.629954929038702,-4.3700450709612975,-4.382098044340417,0.09224598930481283
raw_selected_signal,logit_dynamic_compact,very_expensive_round_trip,9.0,2244,0.629954929038702,-8.370045070961297,-8.382098044340417,0.0066844919786096255
raw_selected_signal,xgboost_dynamic_full,no_cost,0.0,25878,0.12677527534020772,0.12677527534020772,0.03339547675063059,0.5058737151248165
raw_selected_signal,xgboost_dynamic_full,very_low_cost,1.0,25878,0.12677527534020772,-0.8732247246597923,-0.9666045232493694,0.3417961202565886
raw_selected_signal,xgboost_dynamic_full,low_cost,2.0,25878,0.12677527534020772,-1.8732247246597924,-1.9666045232493694,0.22884303269186182
raw_selected_signal,xgboost_dynamic_full,medium_cost,3.0,25878,0.12677527534020772,-2.8732247246597926,-2.9666045232493694,0.1555761650823093
raw_selected_signal,xgboost_dynamic_full,high_cost,4.0,25878,0.12677527534020772,-3.8732247246597926,-3.9666045232493694,0.09618208516886931
raw_selected_signal,xgboost_dynamic_full,expensive_taker_like,5.0,25878,0.12677527534020772,-4.873224724659792,-4.966604523249369,0.05827343689620527
raw_selected_signal,xgboost_dynamic_full,very_expensive_round_trip,9.0,25878,0.12677527534020772,-8.873224724659792,-8.96660452324937,0.007728572532653219
