evaluation_method,model,algorithm,feature_set,threshold,run_name,signal,cooldown_trade_id,episode_start_row,episode_end_row,episode_duration_events,n_raw_signals_in_episode,target_label,predicted_proba_up,future_mid_return_bps,signed_return_bps,is_correct_signal,is_positive_signed_return,mean_raw_signed_return_bps_in_episode,max_raw_signed_return_bps_in_episode,min_raw_signed_return_bps_in_episode
cooldown_first_signal,hist_gradient_boosting_dynamic_full,hist_gradient_boosting,dynamic_full,0.85,20260610_201249,up,1,29,29,0,1,up,0.8520665445576474,2.229512116509458,2.229512116509458,True,True,2.229512116509458,2.229512116509458,2.229512116509458
cooldown_first_signal,hist_gradient_boosting_dynamic_full,hist_gradient_boosting,dynamic_full,0.85,20260610_201249,up,2,84,84,0,1,up,0.8704253275010926,4.183603665741664,4.183603665741664,True,True,4.183603665741664,4.183603665741664,4.183603665741664
cooldown_first_signal,hist_gradient_boosting_dynamic_full,hist_gradient_boosting,dynamic_full,0.85,20260610_201249,up,3,159,159,0,1,up,0.857786555039266,3.763451715157462,3.763451715157462,True,True,3.763451715157462,3.763451715157462,3.763451715157462
cooldown_first_signal,hist_gradient_boosting_dynamic_full,hist_gradient_boosting,dynamic_full,0.85,20260610_201249,up,4,269,269,0,1,up,0.9127275592044564,0.6536939356571736,0.6536939356571736,True,True,0.6536939356571736,0.6536939356571736,0.6536939356571736
cooldown_first_signal,hist_gradient_boosting_dynamic_full,hist_gradient_boosting,dynamic_full,0.85,20260610_201249,down,5,498,498,0,1,down,0.1463061980947193,-3.8702966824299967,3.8702966824299967,True,True,3.8702966824299967,3.8702966824299967,3.8702966824299967
cooldown_first_signal,hist_gradient_boosting_dynamic_full,hist_gradient_boosting,dynamic_full,0.85,20260610_201428,up,1,82,82,0,1,up,0.901755409940095,3.3435983417695603,3.3435983417695603,True,True,3.3435983417695603,3.3435983417695603,3.3435983417695603
cooldown_first_signal,hist_gradient_boosting_dynamic_full,hist_gradient_boosting,dynamic_full,0.85,20260610_201428,up,2,145,145,0,1,up,0.8739611623292344,2.130893352825236,2.130893352825236,True,True,2.130893352825236,2.130893352825236,2.130893352825236
cooldown_first_signal,hist_gradient_boosting_dynamic_full,hist_gradient_boosting,dynamic_full,0.85,20260610_201428,down,3,403,403,0,1,down,0.0917765271997351,-3.667913272433765,3.667913272433765,True,True,3.667913272433765,3.667913272433765,3.667913272433765
cooldown_first_signal,hist_gradient_boosting_dynamic_full,hist_gradient_boosting,dynamic_full,0.85,20260610_201428,up,4,465,465,0,1,down,0.8588940963480289,-2.020184063010744,-2.020184063010744,False,False,-2.020184063010744,-2.020184063010744,-2.020184063010744
cooldown_first_signal,hist_gradient_boosting_dynamic_full,hist_gradient_boosting,dynamic_full,0.85,20260610_201605,up,1,11,11,0,1,up,0.8979163911070512,10.12647580039161,10.12647580039161,True,True,10.12647580039161,10.12647580039161,10.12647580039161
cooldown_first_signal,hist_gradient_boosting_dynamic_full,hist_gradient_boosting,dynamic_full,0.85,20260610_201605,down,2,113,113,0,1,up,0.13871789303121,1.826072272061996,-1.826072272061996,False,False,-1.826072272061996,-1.826072272061996,-1.826072272061996
cooldown_first_signal,hist_gradient_boosting_dynamic_full,hist_gradient_boosting,dynamic_full,0.85,20260610_201605,up,3,164,164,0,1,up,0.8886432157536919,0.2423547184449148,0.2423547184449148,True,True,0.2423547184449148,0.2423547184449148,0.2423547184449148
cooldown_first_signal,hist_gradient_boosting_dynamic_full,hist_gradient_boosting,dynamic_full,0.85,20260610_201605,up,4,224,224,0,1,down,0.8892061664565007,-0.5977030433590436,-0.5977030433590436,False,False,-0.5977030433590436,-0.5977030433590436,-0.5977030433590436
cooldown_first_signal,hist_gradient_boosting_dynamic_full,hist_gradient_boosting,dynamic_full,0.85,20260610_201605,up,5,324,324,0,1,up,0.8567425803617864,1.1629155909020916,1.1629155909020916,True,True,1.1629155909020916,1.1629155909020916,1.1629155909020916
cooldown_first_signal,hist_gradient_boosting_dynamic_full,hist_gradient_boosting,dynamic_full,0.85,20260610_201605,down,6,389,389,0,1,down,0.146666734656569,-1.922326693768461,1.922326693768461,True,True,1.922326693768461,1.922326693768461,1.922326693768461
cooldown_first_signal,hist_gradient_boosting_dynamic_full,hist_gradient_boosting,dynamic_full,0.85,20260610_201605,up,7,459,459,0,1,up,0.8504672942220842,2.568628005314988,2.568628005314988,True,True,2.568628005314988,2.568628005314988,2.568628005314988
cooldown_first_signal,hist_gradient_boosting_dynamic_full,hist_gradient_boosting,dynamic_full,0.85,20260610_201605,up,8,510,510,0,1,down,0.9140067052810948,-0.7588570321415133,-0.7588570321415133,False,False,-0.7588570321415133,-0.7588570321415133,-0.7588570321415133
cooldown_first_signal,hist_gradient_boosting_static_full,hist_gradient_boosting,static_full,0.9,20260610_201249,up,1,43,43,0,1,up,0.911561422411935,0.7753396755050268,0.7753396755050268,True,True,0.7753396755050268,0.7753396755050268,0.7753396755050268
cooldown_first_signal,hist_gradient_boosting_static_full,hist_gradient_boosting,static_full,0.9,20260610_201249,up,2,269,269,0,1,up,0.9505991815225164,0.6536939356571736,0.6536939356571736,True,True,0.6536939356571736,0.6536939356571736,0.6536939356571736
cooldown_first_signal,hist_gradient_boosting_static_full,hist_gradient_boosting,static_full,0.9,20260610_201428,up,1,82,82,0,1,up,0.9110730879279232,3.3435983417695603,3.3435983417695603,True,True,3.3435983417695603,3.3435983417695603,3.3435983417695603
cooldown_first_signal,hist_gradient_boosting_static_full,hist_gradient_boosting,static_full,0.9,20260610_201428,up,2,145,145,0,1,up,0.925120582043973,2.130893352825236,2.130893352825236,True,True,2.130893352825236,2.130893352825236,2.130893352825236
cooldown_first_signal,hist_gradient_boosting_static_full,hist_gradient_boosting,static_full,0.9,20260610_201428,down,3,325,325,0,1,down,0.0948716053647799,-0.4523720857330104,0.4523720857330104,True,True,0.4523720857330104,0.4523720857330104,0.4523720857330104
cooldown_first_signal,hist_gradient_boosting_static_full,hist_gradient_boosting,static_full,0.9,20260610_201428,down,4,403,403,0,1,down,0.0711588903790068,-3.667913272433765,3.667913272433765,True,True,3.667913272433765,3.667913272433765,3.667913272433765
cooldown_first_signal,hist_gradient_boosting_static_full,hist_gradient_boosting,static_full,0.9,20260610_201428,down,5,471,471,0,1,down,0.0569769156254079,-3.797602339322692,3.797602339322692,True,True,3.797602339322692,3.797602339322692,3.797602339322692
cooldown_first_signal,hist_gradient_boosting_static_full,hist_gradient_boosting,static_full,0.9,20260610_201605,up,1,2,2,0,1,up,0.910469256817896,7.877066011268141,7.877066011268141,True,True,7.877066011268141,7.877066011268141,7.877066011268141
cooldown_first_signal,hist_gradient_boosting_static_full,hist_gradient_boosting,static_full,0.9,20260610_201605,down,2,59,59,0,1,down,0.0841119039521511,-0.0323197587659418,0.0323197587659418,True,True,0.0323197587659418,0.0323197587659418,0.0323197587659418
cooldown_first_signal,hist_gradient_boosting_static_full,hist_gradient_boosting,static_full,0.9,20260610_201605,down,3,118,118,0,1,up,0.0754657703019149,3.814366423231519,-3.814366423231519,False,False,-3.814366423231519,-3.814366423231519,-3.814366423231519
cooldown_first_signal,hist_gradient_boosting_static_full,hist_gradient_boosting,static_full,0.9,20260610_201605,up,4,479,479,0,1,up,0.9112266970646344,1.4537290168359362,1.4537290168359362,True,True,1.4537290168359362,1.4537290168359362,1.4537290168359362
cooldown_first_signal,lightgbm_dynamic_compact,lightgbm,dynamic_compact,0.75,20260610_201249,up,1,84,84,0,1,up,0.7529421309047927,4.183603665741664,4.183603665741664,True,True,4.183603665741664,4.183603665741664,4.183603665741664
cooldown_first_signal,lightgbm_dynamic_compact,lightgbm,dynamic_compact,0.75,20260610_201249,up,2,156,156,0,1,up,0.7526265323590768,1.712117186345452,1.712117186345452,True,True,1.712117186345452,1.712117186345452,1.712117186345452
cooldown_first_signal,lightgbm_dynamic_compact,lightgbm,dynamic_compact,0.75,20260610_201249,up,3,207,207,0,1,up,0.7529421309047927,2.5031390170737744,2.5031390170737744,True,True,2.5031390170737744,2.5031390170737744,2.5031390170737744
cooldown_first_signal,lightgbm_dynamic_compact,lightgbm,dynamic_compact,0.75,20260610_201249,up,4,269,269,0,1,up,0.7664581302194213,0.6536939356571736,0.6536939356571736,True,True,0.6536939356571736,0.6536939356571736,0.6536939356571736
cooldown_first_signal,lightgbm_dynamic_compact,lightgbm,dynamic_compact,0.75,20260610_201249,down,5,500,500,0,1,down,0.2407260540496226,-3.8702966824299967,3.8702966824299967,True,True,3.8702966824299967,3.8702966824299967,3.8702966824299967
cooldown_first_signal,lightgbm_dynamic_compact,lightgbm,dynamic_compact,0.75,20260610_201428,up,1,40,40,0,1,down,0.7508006027612055,-2.567611757724464,-2.567611757724464,False,False,-2.567611757724464,-2.567611757724464,-2.567611757724464
cooldown_first_signal,lightgbm_dynamic_compact,lightgbm,dynamic_compact,0.75,20260610_201428,up,2,105,105,0,1,up,0.7529421309047927,5.895716882828861,5.895716882828861,True,True,5.895716882828861,5.895716882828861,5.895716882828861
cooldown_first_signal,lightgbm_dynamic_compact,lightgbm,dynamic_compact,0.75,20260610_201428,down,3,473,473,0,1,down,0.2361750201760576,-2.7474902888335877,2.7474902888335877,True,True,2.7474902888335877,2.7474902888335877,2.7474902888335877
cooldown_first_signal,lightgbm_dynamic_compact,lightgbm,dynamic_compact,0.75,20260610_201605,up,1,11,11,0,1,up,0.78499991270366,10.12647580039161,10.12647580039161,True,True,10.12647580039161,10.12647580039161,10.12647580039161
cooldown_first_signal,lightgbm_dynamic_compact,lightgbm,dynamic_compact,0.75,20260610_201605,up,2,144,144,0,1,up,0.7598239195666373,3.5149356483965555,3.5149356483965555,True,True,3.5149356483965555,3.5149356483965555,3.5149356483965555
cooldown_first_signal,lightgbm_dynamic_compact,lightgbm,dynamic_compact,0.75,20260610_201605,up,3,324,324,0,1,up,0.758308271737204,1.1629155909020916,1.1629155909020916,True,True,1.1629155909020916,1.1629155909020916,1.1629155909020916
cooldown_first_signal,lightgbm_dynamic_compact,lightgbm,dynamic_compact,0.75,20260610_201605,up,4,481,481,0,1,up,0.7743847731931457,1.4537290168359362,1.4537290168359362,True,True,1.4537290168359362,1.4537290168359362,1.4537290168359362
cooldown_first_signal,lightgbm_dynamic_full,lightgbm,dynamic_full,0.75,20260610_201249,up,1,43,43,0,1,up,0.7623004056699282,0.7753396755050268,0.7753396755050268,True,True,0.7753396755050268,0.7753396755050268,0.7753396755050268
cooldown_first_signal,lightgbm_dynamic_full,lightgbm,dynamic_full,0.75,20260610_201249,up,2,94,94,0,1,up,0.7737536044212687,1.1467676899012955,1.1467676899012955,True,True,1.1467676899012955,1.1467676899012955,1.1467676899012955
cooldown_first_signal,lightgbm_dynamic_full,lightgbm,dynamic_full,0.75,20260610_201249,up,3,152,152,0,1,up,0.7555627402284003,1.2436495137246872,1.2436495137246872,True,True,1.2436495137246872,1.2436495137246872,1.2436495137246872
cooldown_first_signal,lightgbm_dynamic_full,lightgbm,dynamic_full,0.75,20260610_201249,up,4,207,207,0,1,up,0.7504187513371674,2.5031390170737744,2.5031390170737744,True,True,2.5031390170737744,2.5031390170737744,2.5031390170737744
cooldown_first_signal,lightgbm_dynamic_full,lightgbm,dynamic_full,0.75,20260610_201249,up,5,269,269,0,1,up,0.8485071834534857,0.6536939356571736,0.6536939356571736,True,True,0.6536939356571736,0.6536939356571736,0.6536939356571736
cooldown_first_signal,lightgbm_dynamic_full,lightgbm,dynamic_full,0.75,20260610_201249,down,6,500,500,0,1,down,0.2498975729931878,-3.8702966824299967,3.8702966824299967,True,True,3.8702966824299967,3.8702966824299967,3.8702966824299967
cooldown_first_signal,lightgbm_dynamic_full,lightgbm,dynamic_full,0.75,20260610_201428,up,1,40,40,0,1,down,0.7522559305274188,-2.567611757724464,-2.567611757724464,False,False,-2.567611757724464,-2.567611757724464,-2.567611757724464
cooldown_first_signal,lightgbm_dynamic_full,lightgbm,dynamic_full,0.75,20260610_201428,up,2,91,91,0,1,up,0.7795237621023323,4.345062579400594,4.345062579400594,True,True,4.345062579400594,4.345062579400594,4.345062579400594
cooldown_first_signal,lightgbm_dynamic_full,lightgbm,dynamic_full,0.75,20260610_201428,up,3,145,145,0,1,up,0.8149174064617822,2.130893352825236,2.130893352825236,True,True,2.130893352825236,2.130893352825236,2.130893352825236
cooldown_first_signal,lightgbm_dynamic_full,lightgbm,dynamic_full,0.75,20260610_201605,up,1,11,11,0,1,up,0.832721856488557,10.12647580039161,10.12647580039161,True,True,10.12647580039161,10.12647580039161,10.12647580039161
cooldown_first_signal,lightgbm_dynamic_full,lightgbm,dynamic_full,0.75,20260610_201605,down,2,135,135,0,1,up,0.2397624557113996,4.719470320269092,-4.719470320269092,False,False,-4.719470320269092,-4.719470320269092,-4.719470320269092
cooldown_first_signal,lightgbm_dynamic_full,lightgbm,dynamic_full,0.75,20260610_201605,up,3,319,319,0,1,up,0.7508692211122812,1.1629155909020916,1.1629155909020916,True,True,1.1629155909020916,1.1629155909020916,1.1629155909020916
cooldown_first_signal,lightgbm_dynamic_full,lightgbm,dynamic_full,0.75,20260610_201605,up,4,479,479,0,1,up,0.7790857724970723,1.4537290168359362,1.4537290168359362,True,True,1.4537290168359362,1.4537290168359362,1.4537290168359362
cooldown_first_signal,logit_dynamic_compact,logit,dynamic_compact,0.65,20260610_201249,up,1,12,12,0,1,up,0.6622717088498636,3.3770982646719183,3.3770982646719183,True,True,3.3770982646719183,3.3770982646719183,3.3770982646719183
cooldown_first_signal,logit_dynamic_compact,logit,dynamic_compact,0.65,20260610_201249,up,2,65,65,0,1,up,0.6616666611717114,3.0528950409847155,3.0528950409847155,True,True,3.0528950409847155,3.0528950409847155,3.0528950409847155
cooldown_first_signal,logit_dynamic_compact,logit,dynamic_compact,0.65,20260610_201249,down,3,151,151,0,1,up,0.2294397825604838,0.7348464170986446,-0.7348464170986446,False,False,-0.7348464170986446,-0.7348464170986446,-0.7348464170986446
cooldown_first_signal,logit_dynamic_compact,logit,dynamic_compact,0.65,20260610_201249,up,4,208,208,0,1,up,0.6577631440530123,2.3900670106957733,2.3900670106957733,True,True,2.3900670106957733,2.3900670106957733,2.3900670106957733
cooldown_first_signal,logit_dynamic_compact,logit,dynamic_compact,0.65,20260610_201249,up,5,259,259,0,1,up,0.6572705692754126,3.697260555961535,3.697260555961535,True,True,3.697260555961535,3.697260555961535,3.697260555961535
cooldown_first_signal,logit_dynamic_compact,logit,dynamic_compact,0.65,20260610_201249,up,6,310,310,0,1,up,0.6840540789588547,1.5493329395432909,1.5493329395432909,True,True,1.5493329395432909,1.5493329395432909,1.5493329395432909
cooldown_first_signal,logit_dynamic_compact,logit,dynamic_compact,0.65,20260610_201249,up,7,366,366,0,1,up,0.650547860239253,0.9359450503443334,0.9359450503443334,True,True,0.9359450503443334,0.9359450503443334,0.9359450503443334
cooldown_first_signal,logit_dynamic_compact,logit,dynamic_compact,0.65,20260610_201249,up,8,422,422,0,1,up,0.6581511414663773,0.9035179925120927,0.9035179925120927,True,True,0.9035179925120927,0.9035179925120927,0.9035179925120927
cooldown_first_signal,logit_dynamic_compact,logit,dynamic_compact,0.65,20260610_201249,up,9,484,484,0,1,up,0.6572967637237175,0.1129222586704337,0.1129222586704337,True,True,0.1129222586704337,0.1129222586704337,0.1129222586704337
cooldown_first_signal,logit_dynamic_compact,logit,dynamic_compact,0.65,20260610_201428,down,1,15,15,0,1,down,0.3271099752862293,-1.824727643251478,1.824727643251478,True,True,1.824727643251478,1.824727643251478,1.824727643251478
cooldown_first_signal,logit_dynamic_compact,logit,dynamic_compact,0.65,20260610_201428,up,2,105,105,0,1,up,0.6626927118207712,5.895716882828861,5.895716882828861,True,True,5.895716882828861,5.895716882828861,5.895716882828861
cooldown_first_signal,logit_dynamic_compact,logit,dynamic_compact,0.65,20260610_201428,up,3,177,177,0,1,down,0.6587986631192198,-3.84146995946244,-3.84146995946244,False,False,-3.84146995946244,-3.84146995946244,-3.84146995946244
cooldown_first_signal,logit_dynamic_compact,logit,dynamic_compact,0.65,20260610_201428,down,4,253,253,0,1,down,0.3489673529646916,-4.908993874254142,4.908993874254142,True,True,4.908993874254142,4.908993874254142,4.908993874254142
cooldown_first_signal,logit_dynamic_compact,logit,dynamic_compact,0.65,20260610_201428,down,5,326,326,0,1,down,0.330332057210905,-0.0323136492041964,0.0323136492041964,True,True,0.0323136492041964,0.0323136492041964,0.0323136492041964
cooldown_first_signal,logit_dynamic_compact,logit,dynamic_compact,0.65,20260610_201428,up,6,390,390,0,1,down,0.6555977368846223,-4.4916117534821165,-4.4916117534821165,False,False,-4.4916117534821165,-4.4916117534821165,-4.4916117534821165
cooldown_first_signal,logit_dynamic_compact,logit,dynamic_compact,0.65,20260610_201428,up,7,463,463,0,1,down,0.6614608937044646,-2.020184063010744,-2.020184063010744,False,False,-2.020184063010744,-2.020184063010744,-2.020184063010744
cooldown_first_signal,logit_dynamic_compact,logit,dynamic_compact,0.65,20260610_201605,up,1,16,16,0,1,up,0.7822406719478199,8.450795345189555,8.450795345189555,True,True,8.450795345189555,8.450795345189555,8.450795345189555
cooldown_first_signal,logit_dynamic_compact,logit,dynamic_compact,0.65,20260610_201605,up,2,67,67,0,1,down,0.6548898610261961,-0.9211265215758324,-0.9211265215758324,False,False,-0.9211265215758324,-0.9211265215758324,-0.9211265215758324
cooldown_first_signal,logit_dynamic_compact,logit,dynamic_compact,0.65,20260610_201605,down,3,122,122,0,1,up,0.3357770969738085,4.42881607563228,-4.42881607563228,False,False,-4.42881607563228,-4.42881607563228,-4.42881607563228
cooldown_first_signal,logit_dynamic_compact,logit,dynamic_compact,0.65,20260610_201605,up,4,217,217,0,1,up,0.6518829325761362,0.0807829483351341,0.0807829483351341,True,True,0.0807829483351341,0.0807829483351341,0.0807829483351341
cooldown_first_signal,logit_dynamic_compact,logit,dynamic_compact,0.65,20260610_201605,up,5,298,298,0,1,up,0.6624562173121696,0.2584206781763853,0.2584206781763853,True,True,0.2584206781763853,0.2584206781763853,0.2584206781763853
cooldown_first_signal,logit_dynamic_compact,logit,dynamic_compact,0.65,20260610_201605,down,6,462,462,0,1,up,0.3033658603757301,6.461936367696541,-6.461936367696541,False,False,-6.461936367696541,-6.461936367696541,-6.461936367696541
cooldown_first_signal,logit_dynamic_compact,logit,dynamic_compact,0.65,20260610_201605,up,7,513,513,0,1,down,0.90926487744979,-1.6790184845394407,-1.6790184845394407,False,False,-1.6790184845394407,-1.6790184845394407,-1.6790184845394407
cooldown_first_signal,xgboost_dynamic_compact,xgboost,dynamic_compact,0.75,20260610_201249,up,1,62,62,0,1,up,0.7536938190460205,3.0690528822030494,3.0690528822030494,True,True,3.0690528822030494,3.0690528822030494,3.0690528822030494
cooldown_first_signal,xgboost_dynamic_compact,xgboost,dynamic_compact,0.75,20260610_201249,up,2,156,156,0,1,up,0.7711203694343567,1.712117186345452,1.712117186345452,True,True,1.712117186345452,1.712117186345452,1.712117186345452
cooldown_first_signal,xgboost_dynamic_compact,xgboost,dynamic_compact,0.75,20260610_201249,up,3,207,207,0,1,up,0.7569528222084045,2.5031390170737744,2.5031390170737744,True,True,2.5031390170737744,2.5031390170737744,2.5031390170737744
cooldown_first_signal,xgboost_dynamic_compact,xgboost,dynamic_compact,0.75,20260610_201249,up,4,269,269,0,1,up,0.7903782725334167,0.6536939356571736,0.6536939356571736,True,True,0.6536939356571736,0.6536939356571736,0.6536939356571736
cooldown_first_signal,xgboost_dynamic_compact,xgboost,dynamic_compact,0.75,20260610_201249,down,5,501,501,0,1,down,0.2253388017416,-3.6122769036017743,3.6122769036017743,True,True,3.6122769036017743,3.6122769036017743,3.6122769036017743
cooldown_first_signal,xgboost_dynamic_compact,xgboost,dynamic_compact,0.75,20260610_201428,up,1,41,41,0,1,down,0.7553048729896545,-2.567611757724464,-2.567611757724464,False,False,-2.567611757724464,-2.567611757724464,-2.567611757724464
cooldown_first_signal,xgboost_dynamic_compact,xgboost,dynamic_compact,0.75,20260610_201428,up,2,105,105,0,1,up,0.7696901559829712,5.895716882828861,5.895716882828861,True,True,5.895716882828861,5.895716882828861,5.895716882828861
cooldown_first_signal,xgboost_dynamic_compact,xgboost,dynamic_compact,0.75,20260610_201428,up,3,439,439,0,1,up,0.7557850480079651,1.7943584400725854,1.7943584400725854,True,True,1.7943584400725854,1.7943584400725854,1.7943584400725854
cooldown_first_signal,xgboost_dynamic_compact,xgboost,dynamic_compact,0.75,20260610_201605,up,1,11,11,0,1,up,0.7895852327346802,10.12647580039161,10.12647580039161,True,True,10.12647580039161,10.12647580039161,10.12647580039161
cooldown_first_signal,xgboost_dynamic_compact,xgboost,dynamic_compact,0.75,20260610_201605,down,2,134,134,0,1,up,0.2495529651641845,4.3314006343564415,-4.3314006343564415,False,False,-4.3314006343564415,-4.3314006343564415,-4.3314006343564415
cooldown_first_signal,xgboost_dynamic_compact,xgboost,dynamic_compact,0.75,20260610_201605,up,3,324,324,0,1,up,0.7765306830406189,1.1629155909020916,1.1629155909020916,True,True,1.1629155909020916,1.1629155909020916,1.1629155909020916
cooldown_first_signal,xgboost_dynamic_compact,xgboost,dynamic_compact,0.75,20260610_201605,up,4,480,480,0,1,up,0.7729132175445557,1.4537290168359362,1.4537290168359362,True,True,1.4537290168359362,1.4537290168359362,1.4537290168359362
cooldown_first_signal,xgboost_dynamic_full,xgboost,dynamic_full,0.75,20260610_201249,up,1,43,43,0,1,up,0.7581418752670288,0.7753396755050268,0.7753396755050268,True,True,0.7753396755050268,0.7753396755050268,0.7753396755050268
cooldown_first_signal,xgboost_dynamic_full,xgboost,dynamic_full,0.75,20260610_201249,up,2,94,94,0,1,up,0.7770090699195862,1.1467676899012955,1.1467676899012955,True,True,1.1467676899012955,1.1467676899012955,1.1467676899012955
cooldown_first_signal,xgboost_dynamic_full,xgboost,dynamic_full,0.75,20260610_201249,up,3,172,172,0,1,up,0.7858055830001831,4.280320620242417,4.280320620242417,True,True,4.280320620242417,4.280320620242417,4.280320620242417
cooldown_first_signal,xgboost_dynamic_full,xgboost,dynamic_full,0.75,20260610_201249,up,4,269,269,0,1,up,0.8649183511734009,0.6536939356571736,0.6536939356571736,True,True,0.6536939356571736,0.6536939356571736,0.6536939356571736
cooldown_first_signal,xgboost_dynamic_full,xgboost,dynamic_full,0.75,20260610_201249,down,5,495,495,0,1,down,0.2318030446767807,-3.176909512101478,3.176909512101478,True,True,3.176909512101478,3.176909512101478,3.176909512101478
cooldown_first_signal,xgboost_dynamic_full,xgboost,dynamic_full,0.75,20260610_201428,up,1,76,76,0,1,up,0.7546655535697937,0.2099651054132678,0.2099651054132678,True,True,0.2099651054132678,0.2099651054132678,0.2099651054132678
cooldown_first_signal,xgboost_dynamic_full,xgboost,dynamic_full,0.75,20260610_201428,up,2,145,145,0,1,up,0.8304027915000916,2.130893352825236,2.130893352825236,True,True,2.130893352825236,2.130893352825236,2.130893352825236
cooldown_first_signal,xgboost_dynamic_full,xgboost,dynamic_full,0.75,20260610_201605,up,1,11,11,0,1,up,0.8069887757301331,10.12647580039161,10.12647580039161,True,True,10.12647580039161,10.12647580039161,10.12647580039161
cooldown_first_signal,xgboost_dynamic_full,xgboost,dynamic_full,0.75,20260610_201605,down,2,135,135,0,1,up,0.2452476024627685,4.719470320269092,-4.719470320269092,False,False,-4.719470320269092,-4.719470320269092,-4.719470320269092
cooldown_first_signal,xgboost_dynamic_full,xgboost,dynamic_full,0.75,20260610_201605,up,3,324,324,0,1,up,0.7632442116737366,1.1629155909020916,1.1629155909020916,True,True,1.1629155909020916,1.1629155909020916,1.1629155909020916
cooldown_first_signal,xgboost_dynamic_full,xgboost,dynamic_full,0.75,20260610_201605,up,4,478,478,0,1,up,0.7563599348068237,1.8414614742834343,1.8414614742834343,True,True,1.8414614742834343,1.8414614742834343,1.8414614742834343
