model,threshold,cost_scenario,round_trip_cost_bps,signal_group,n_signals,coverage,gross_mean_signed_return_bps,net_mean_signed_return_bps,net_median_signed_return_bps,net_positive_share,gross_positive_share,mean_future_return_bps
logit_full,0.5,no_cost,0.0,both,1200,1.0,0.24985665193027293,0.24985665193027293,0.5250688282687488,0.6425,0.6425,0.17941161211128728
logit_full,0.5,very_optimistic_passive_like,0.5,both,1200,1.0,0.24985665193027293,-0.2501433480697271,0.02506882826874879,0.5066666666666667,0.6425,0.17941161211128728
logit_full,0.5,optimistic_low_cost,1.0,both,1200,1.0,0.24985665193027293,-0.750143348069727,-0.4749311717312512,0.3,0.6425,0.17941161211128728
logit_full,0.5,moderate_cost,2.0,both,1200,1.0,0.24985665193027293,-1.750143348069727,-1.4749311717312512,0.075,0.6425,0.17941161211128728
logit_full,0.5,expensive_taker_like,5.0,both,1200,1.0,0.24985665193027293,-4.750143348069727,-4.474931171731251,0.006666666666666667,0.6425,0.17941161211128728
logit_full,0.5,very_expensive_round_trip,9.0,both,1200,1.0,0.24985665193027293,-8.750143348069725,-8.474931171731251,0.0,0.6425,0.17941161211128728
logit_full,0.5,no_cost,0.0,down,581,0.4841666666666667,0.07274875024335861,0.07274875024335861,0.4034245906647804,0.5903614457831325,0.5903614457831325,-0.07274875024335861
logit_full,0.5,very_optimistic_passive_like,0.5,down,581,0.4841666666666667,0.07274875024335861,-0.42725124975664136,-0.09657540933521958,0.46987951807228917,0.5903614457831325,-0.07274875024335861
logit_full,0.5,optimistic_low_cost,1.0,down,581,0.4841666666666667,0.07274875024335861,-0.9272512497566414,-0.5965754093352196,0.28055077452667815,0.5903614457831325,-0.07274875024335861
logit_full,0.5,moderate_cost,2.0,down,581,0.4841666666666667,0.07274875024335861,-1.927251249756641,-1.5965754093352196,0.05679862306368331,0.5903614457831325,-0.07274875024335861
logit_full,0.5,expensive_taker_like,5.0,down,581,0.4841666666666667,0.07274875024335861,-4.927251249756641,-4.59657540933522,0.0,0.5903614457831325,-0.07274875024335861
logit_full,0.5,very_expensive_round_trip,9.0,down,581,0.4841666666666667,0.07274875024335861,-8.92725124975664,-8.59657540933522,0.0,0.5903614457831325,-0.07274875024335861
logit_full,0.5,no_cost,0.0,up,619,0.5158333333333334,0.4160920168415769,0.4160920168415769,0.613250899501594,0.691437802907916,0.691437802907916,0.4160920168415769
logit_full,0.5,very_optimistic_passive_like,0.5,up,619,0.5158333333333334,0.4160920168415769,-0.0839079831584231,0.11325089950159395,0.5411954765751211,0.691437802907916,0.4160920168415769
logit_full,0.5,optimistic_low_cost,1.0,up,619,0.5158333333333334,0.4160920168415769,-0.5839079831584232,-0.38674910049840605,0.3182552504038772,0.691437802907916,0.4160920168415769
logit_full,0.5,moderate_cost,2.0,up,619,0.5158333333333334,0.4160920168415769,-1.583907983158423,-1.386749100498406,0.09208400646203554,0.691437802907916,0.4160920168415769
logit_full,0.5,expensive_taker_like,5.0,up,619,0.5158333333333334,0.4160920168415769,-4.583907983158423,-4.386749100498406,0.012924071082390954,0.691437802907916,0.4160920168415769
logit_full,0.5,very_expensive_round_trip,9.0,up,619,0.5158333333333334,0.4160920168415769,-8.583907983158424,-8.386749100498406,0.0,0.691437802907916,0.4160920168415769
logit_full,0.55,no_cost,0.0,both,1104,0.92,0.2756079396820684,0.2756079396820684,0.5488182276508491,0.657608695652174,0.657608695652174,0.16252606508990888
logit_full,0.55,very_optimistic_passive_like,0.5,both,1104,0.92,0.2756079396820684,-0.22439206031793157,0.04881822765084909,0.5163043478260869,0.657608695652174,0.16252606508990888
logit_full,0.55,optimistic_low_cost,1.0,both,1104,0.92,0.2756079396820684,-0.7243920603179316,-0.4511817723491509,0.3007246376811594,0.657608695652174,0.16252606508990888
logit_full,0.55,moderate_cost,2.0,both,1104,0.92,0.2756079396820684,-1.7243920603179317,-1.451181772349151,0.07608695652173914,0.657608695652174,0.16252606508990888
logit_full,0.55,expensive_taker_like,5.0,both,1104,0.92,0.2756079396820684,-4.724392060317932,-4.451181772349151,0.007246376811594203,0.657608695652174,0.16252606508990888
logit_full,0.55,very_expensive_round_trip,9.0,both,1104,0.92,0.2756079396820684,-8.724392060317934,-8.451181772349152,0.0,0.657608695652174,0.16252606508990888
logit_full,0.55,no_cost,0.0,down,540,0.45,0.11559480513865199,0.11559480513865199,0.4364669776357743,0.6,0.6,-0.11559480513865199
logit_full,0.55,very_optimistic_passive_like,0.5,down,540,0.45,0.11559480513865199,-0.38440519486134805,-0.0635330223642257,0.4777777777777778,0.6,-0.11559480513865199
logit_full,0.55,optimistic_low_cost,1.0,down,540,0.45,0.11559480513865199,-0.8844051948613479,-0.5635330223642256,0.29074074074074074,0.6,-0.11559480513865199
logit_full,0.55,moderate_cost,2.0,down,540,0.45,0.11559480513865199,-1.884405194861348,-1.5635330223642256,0.06111111111111111,0.6,-0.11559480513865199
logit_full,0.55,expensive_taker_like,5.0,down,540,0.45,0.11559480513865199,-4.884405194861348,-4.563533022364226,0.0,0.6,-0.11559480513865199
logit_full,0.55,very_expensive_round_trip,9.0,down,540,0.45,0.11559480513865199,-8.88440519486135,-8.563533022364226,0.0,0.6,-0.11559480513865199
logit_full,0.55,no_cost,0.0,up,564,0.47,0.4288120046704459,0.4288120046704459,0.6295821269697299,0.7127659574468085,0.7127659574468085,0.4288120046704459
logit_full,0.55,very_optimistic_passive_like,0.5,up,564,0.47,0.4288120046704459,-0.07118799532955408,0.12958212696972993,0.5531914893617021,0.7127659574468085,0.4288120046704459
logit_full,0.55,optimistic_low_cost,1.0,up,564,0.47,0.4288120046704459,-0.571187995329554,-0.3704178730302701,0.3102836879432624,0.7127659574468085,0.4288120046704459
logit_full,0.55,moderate_cost,2.0,up,564,0.47,0.4288120046704459,-1.571187995329554,-1.37041787303027,0.09042553191489362,0.7127659574468085,0.4288120046704459
logit_full,0.55,expensive_taker_like,5.0,up,564,0.47,0.4288120046704459,-4.571187995329554,-4.37041787303027,0.014184397163120567,0.7127659574468085,0.4288120046704459
logit_full,0.55,very_expensive_round_trip,9.0,up,564,0.47,0.4288120046704459,-8.571187995329554,-8.37041787303027,0.0,0.7127659574468085,0.4288120046704459
logit_full,0.6,no_cost,0.0,both,991,0.8258333333333333,0.28583930817686926,0.28583930817686926,0.5489719289653028,0.6649848637739657,0.6649848637739657,0.14991435939628403
logit_full,0.6,very_optimistic_passive_like,0.5,both,991,0.8258333333333333,0.28583930817686926,-0.21416069182313077,0.04897192896530278,0.5186680121089808,0.6649848637739657,0.14991435939628403
logit_full,0.6,optimistic_low_cost,1.0,both,991,0.8258333333333333,0.28583930817686926,-0.7141606918231307,-0.4510280710346972,0.3057517658930373,0.6649848637739657,0.14991435939628403
logit_full,0.6,moderate_cost,2.0,both,991,0.8258333333333333,0.28583930817686926,-1.7141606918231307,-1.4510280710346972,0.08173562058526741,0.6649848637739657,0.14991435939628403
logit_full,0.6,expensive_taker_like,5.0,both,991,0.8258333333333333,0.28583930817686926,-4.714160691823131,-4.451028071034697,0.008072653884964682,0.6649848637739657,0.14991435939628403
logit_full,0.6,very_expensive_round_trip,9.0,both,991,0.8258333333333333,0.28583930817686926,-8.71416069182313,-8.451028071034697,0.0,0.6649848637739657,0.14991435939628403
logit_full,0.6,no_cost,0.0,down,480,0.4,0.14031419191829161,0.14031419191829161,0.4686210289123194,0.6083333333333333,0.6083333333333333,-0.14031419191829161
logit_full,0.6,very_optimistic_passive_like,0.5,down,480,0.4,0.14031419191829161,-0.35968580808170836,-0.03137897108768062,0.4875,0.6083333333333333,-0.14031419191829161
logit_full,0.6,optimistic_low_cost,1.0,down,480,0.4,0.14031419191829161,-0.8596858080817084,-0.5313789710876806,0.30625,0.6083333333333333,-0.14031419191829161
logit_full,0.6,moderate_cost,2.0,down,480,0.4,0.14031419191829161,-1.8596858080817082,-1.5313789710876806,0.06458333333333334,0.6083333333333333,-0.14031419191829161
logit_full,0.6,expensive_taker_like,5.0,down,480,0.4,0.14031419191829161,-4.859685808081709,-4.531378971087681,0.0,0.6083333333333333,-0.14031419191829161
logit_full,0.6,very_expensive_round_trip,9.0,down,480,0.4,0.14031419191829161,-8.859685808081707,-8.53137897108768,0.0,0.6083333333333333,-0.14031419191829161
logit_full,0.6,no_cost,0.0,up,511,0.42583333333333334,0.42253609057240205,0.42253609057240205,0.6136430615955035,0.7181996086105675,0.7181996086105675,0.42253609057240205
logit_full,0.6,very_optimistic_passive_like,0.5,up,511,0.42583333333333334,0.42253609057240205,-0.07746390942759795,0.11364306159550353,0.547945205479452,0.7181996086105675,0.42253609057240205
logit_full,0.6,optimistic_low_cost,1.0,up,511,0.42583333333333334,0.42253609057240205,-0.577463909427598,-0.3863569384044965,0.30528375733855184,0.7181996086105675,0.42253609057240205
logit_full,0.6,moderate_cost,2.0,up,511,0.42583333333333334,0.42253609057240205,-1.5774639094275982,-1.3863569384044965,0.09784735812133072,0.7181996086105675,0.42253609057240205
logit_full,0.6,expensive_taker_like,5.0,up,511,0.42583333333333334,0.42253609057240205,-4.577463909427598,-4.3863569384044965,0.015655577299412915,0.7181996086105675,0.42253609057240205
logit_full,0.6,very_expensive_round_trip,9.0,up,511,0.42583333333333334,0.42253609057240205,-8.577463909427598,-8.386356938404496,0.0,0.7181996086105675,0.42253609057240205
logit_full,0.65,no_cost,0.0,both,870,0.725,0.32376291775839494,0.32376291775839494,0.5493338115769575,0.6873563218390805,0.6873563218390805,0.12401871983109544
logit_full,0.65,very_optimistic_passive_like,0.5,both,870,0.725,0.32376291775839494,-0.1762370822416051,0.04933381157695749,0.5367816091954023,0.6873563218390805,0.12401871983109544
logit_full,0.65,optimistic_low_cost,1.0,both,870,0.725,0.32376291775839494,-0.6762370822416052,-0.4506661884230425,0.3218390804597701,0.6873563218390805,0.12401871983109544
logit_full,0.65,moderate_cost,2.0,both,870,0.725,0.32376291775839494,-1.6762370822416048,-1.4506661884230425,0.08505747126436781,0.6873563218390805,0.12401871983109544
logit_full,0.65,expensive_taker_like,5.0,both,870,0.725,0.32376291775839494,-4.676237082241605,-4.4506661884230425,0.009195402298850575,0.6873563218390805,0.12401871983109544
logit_full,0.65,very_expensive_round_trip,9.0,both,870,0.725,0.32376291775839494,-8.676237082241604,-8.450666188423043,0.0,0.6873563218390805,0.12401871983109544
logit_full,0.65,no_cost,0.0,down,414,0.345,0.20987614999607557,0.20987614999607557,0.5486616030098146,0.6400966183574879,0.6400966183574879,-0.20987614999607557
logit_full,0.65,very_optimistic_passive_like,0.5,down,414,0.345,0.20987614999607557,-0.2901238500039245,0.04866160300981459,0.5193236714975845,0.6400966183574879,-0.20987614999607557
logit_full,0.65,optimistic_low_cost,1.0,down,414,0.345,0.20987614999607557,-0.7901238500039244,-0.4513383969901854,0.3357487922705314,0.6400966183574879,-0.20987614999607557
logit_full,0.65,moderate_cost,2.0,down,414,0.345,0.20987614999607557,-1.7901238500039245,-1.4513383969901854,0.07004830917874397,0.6400966183574879,-0.20987614999607557
logit_full,0.65,expensive_taker_like,5.0,down,414,0.345,0.20987614999607557,-4.7901238500039245,-4.451338396990185,0.0,0.6400966183574879,-0.20987614999607557
logit_full,0.65,very_expensive_round_trip,9.0,down,414,0.345,0.20987614999607557,-8.790123850003924,-8.451338396990185,0.0,0.6400966183574879,-0.20987614999607557
logit_full,0.65,no_cost,0.0,up,456,0.38,0.4271601148057638,0.4271601148057638,0.6134469805485487,0.7302631578947368,0.7302631578947368,0.4271601148057638
logit_full,0.65,very_optimistic_passive_like,0.5,up,456,0.38,0.4271601148057638,-0.07283988519423618,0.11344698054854874,0.5526315789473685,0.7302631578947368,0.4271601148057638
logit_full,0.65,optimistic_low_cost,1.0,up,456,0.38,0.4271601148057638,-0.5728398851942362,-0.38655301945145126,0.3092105263157895,0.7302631578947368,0.4271601148057638
logit_full,0.65,moderate_cost,2.0,up,456,0.38,0.4271601148057638,-1.572839885194236,-1.3865530194514513,0.09868421052631579,0.7302631578947368,0.4271601148057638
logit_full,0.65,expensive_taker_like,5.0,up,456,0.38,0.4271601148057638,-4.572839885194236,-4.386553019451451,0.017543859649122806,0.7302631578947368,0.4271601148057638
logit_full,0.65,very_expensive_round_trip,9.0,up,456,0.38,0.4271601148057638,-8.572839885194236,-8.386553019451451,0.0,0.7302631578947368,0.4271601148057638
logit_full,0.7,no_cost,0.0,both,724,0.6033333333333334,0.37331887497058835,0.37331887497058835,0.5810626829449994,0.7044198895027625,0.7044198895027625,0.10159931572087803
logit_full,0.7,very_optimistic_passive_like,0.5,both,724,0.6033333333333334,0.37331887497058835,-0.12668112502941167,0.08106268294499941,0.5538674033149171,0.7044198895027625,0.10159931572087803
logit_full,0.7,optimistic_low_cost,1.0,both,724,0.6033333333333334,0.37331887497058835,-0.6266811250294116,-0.4189373170550006,0.3397790055248619,0.7044198895027625,0.10159931572087803
logit_full,0.7,moderate_cost,2.0,both,724,0.6033333333333334,0.37331887497058835,-1.6266811250294115,-1.4189373170550006,0.08149171270718232,0.7044198895027625,0.10159931572087803
logit_full,0.7,expensive_taker_like,5.0,both,724,0.6033333333333334,0.37331887497058835,-4.626681125029412,-4.418937317055001,0.008287292817679558,0.7044198895027625,0.10159931572087803
logit_full,0.7,very_expensive_round_trip,9.0,both,724,0.6033333333333334,0.37331887497058835,-8.62668112502941,-8.418937317055,0.0,0.7044198895027625,0.10159931572087803
logit_full,0.7,no_cost,0.0,down,355,0.29583333333333334,0.2770774097137891,0.2770774097137891,0.5489719289653028,0.6647887323943662,0.6647887323943662,-0.2770774097137891
logit_full,0.7,very_optimistic_passive_like,0.5,down,355,0.29583333333333334,0.2770774097137891,-0.22292259028621095,0.04897192896530278,0.5408450704225352,0.6647887323943662,-0.2770774097137891
logit_full,0.7,optimistic_low_cost,1.0,down,355,0.29583333333333334,0.2770774097137891,-0.7229225902862109,-0.4510280710346972,0.36338028169014086,0.6647887323943662,-0.2770774097137891
logit_full,0.7,moderate_cost,2.0,down,355,0.29583333333333334,0.2770774097137891,-1.7229225902862106,-1.4510280710346972,0.07042253521126761,0.6647887323943662,-0.2770774097137891
logit_full,0.7,expensive_taker_like,5.0,down,355,0.29583333333333334,0.2770774097137891,-4.722922590286211,-4.451028071034697,0.0,0.6647887323943662,-0.2770774097137891
logit_full,0.7,very_expensive_round_trip,9.0,down,355,0.29583333333333334,0.2770774097137891,-8.722922590286212,-8.451028071034697,0.0,0.6647887323943662,-0.2770774097137891
logit_full,0.7,no_cost,0.0,up,369,0.3075,0.46590890252116757,0.46590890252116757,0.6948433734166315,0.7425474254742548,0.7425474254742548,0.46590890252116757
logit_full,0.7,very_optimistic_passive_like,0.5,up,369,0.3075,0.46590890252116757,-0.034091097478832474,0.1948433734166315,0.5663956639566395,0.7425474254742548,0.46590890252116757
logit_full,0.7,optimistic_low_cost,1.0,up,369,0.3075,0.46590890252116757,-0.5340910974788324,-0.3051566265833685,0.3170731707317073,0.7425474254742548,0.46590890252116757
logit_full,0.7,moderate_cost,2.0,up,369,0.3075,0.46590890252116757,-1.5340910974788324,-1.3051566265833685,0.0921409214092141,0.7425474254742548,0.46590890252116757
logit_full,0.7,expensive_taker_like,5.0,up,369,0.3075,0.46590890252116757,-4.534091097478832,-4.3051566265833685,0.016260162601626018,0.7425474254742548,0.46590890252116757
logit_full,0.7,very_expensive_round_trip,9.0,up,369,0.3075,0.46590890252116757,-8.534091097478832,-8.305156626583369,0.0,0.7425474254742548,0.46590890252116757
logit_full,0.75,no_cost,0.0,both,533,0.44416666666666665,0.5790268298496172,0.5790268298496172,0.7432523592210138,0.7598499061913696,0.7598499061913696,0.07646560418744858
logit_full,0.75,very_optimistic_passive_like,0.5,both,533,0.44416666666666665,0.5790268298496172,0.07902682984961712,0.24325235922101385,0.6041275797373359,0.7598499061913696,0.07646560418744858
logit_full,0.75,optimistic_low_cost,1.0,both,533,0.44416666666666665,0.5790268298496172,-0.42097317015038294,-0.25674764077898615,0.37523452157598497,0.7598499061913696,0.07646560418744858
logit_full,0.75,moderate_cost,2.0,both,533,0.44416666666666665,0.5790268298496172,-1.420973170150383,-1.2567476407789862,0.08442776735459662,0.7598499061913696,0.07646560418744858
logit_full,0.75,expensive_taker_like,5.0,both,533,0.44416666666666665,0.5790268298496172,-4.420973170150383,-4.256747640778986,0.01125703564727955,0.7598499061913696,0.07646560418744858
logit_full,0.75,very_expensive_round_trip,9.0,both,533,0.44416666666666665,0.5790268298496172,-8.420973170150384,-8.256747640778986,0.0,0.7598499061913696,0.07646560418744858
logit_full,0.75,no_cost,0.0,down,254,0.21166666666666667,0.5272935694447555,0.5272935694447555,0.6783400373244763,0.7440944881889764,0.7440944881889764,-0.5272935694447555
logit_full,0.75,very_optimistic_passive_like,0.5,down,254,0.21166666666666667,0.5272935694447555,0.027293569444755562,0.17834003732447634,0.6023622047244095,0.7440944881889764,-0.5272935694447555
logit_full,0.75,optimistic_low_cost,1.0,down,254,0.21166666666666667,0.5272935694447555,-0.4727064305552445,-0.32165996267552366,0.41732283464566927,0.7440944881889764,-0.5272935694447555
logit_full,0.75,moderate_cost,2.0,down,254,0.21166666666666667,0.5272935694447555,-1.4727064305552446,-1.3216599626755237,0.07086614173228346,0.7440944881889764,-0.5272935694447555
logit_full,0.75,expensive_taker_like,5.0,down,254,0.21166666666666667,0.5272935694447555,-4.4727064305552435,-4.321659962675524,0.0,0.7440944881889764,-0.5272935694447555
logit_full,0.75,very_expensive_round_trip,9.0,down,254,0.21166666666666667,0.5272935694447555,-8.472706430555245,-8.321659962675524,0.0,0.7440944881889764,-0.5272935694447555
logit_full,0.75,no_cost,0.0,up,279,0.2325,0.6261244934440072,0.6261244934440072,0.7432847855270985,0.7741935483870968,0.7741935483870968,0.6261244934440072
logit_full,0.75,very_optimistic_passive_like,0.5,up,279,0.2325,0.6261244934440072,0.1261244934440072,0.24328478552709853,0.6057347670250897,0.7741935483870968,0.6261244934440072
logit_full,0.75,optimistic_low_cost,1.0,up,279,0.2325,0.6261244934440072,-0.3738755065559928,-0.25671521447290147,0.33691756272401435,0.7741935483870968,0.6261244934440072
logit_full,0.75,moderate_cost,2.0,up,279,0.2325,0.6261244934440072,-1.3738755065559927,-1.2567152144729015,0.0967741935483871,0.7741935483870968,0.6261244934440072
logit_full,0.75,expensive_taker_like,5.0,up,279,0.2325,0.6261244934440072,-4.373875506555993,-4.2567152144729015,0.021505376344086023,0.7741935483870968,0.6261244934440072
logit_full,0.75,very_expensive_round_trip,9.0,up,279,0.2325,0.6261244934440072,-8.373875506555994,-8.256715214472901,0.0,0.7741935483870968,0.6261244934440072
logit_signal,0.5,no_cost,0.0,both,1201,1.0,0.21638760356583156,0.21638760356583156,0.4846922083312499,0.6344712739383847,0.6344712739383847,0.17809057360912442
logit_signal,0.5,very_optimistic_passive_like,0.5,both,1201,1.0,0.21638760356583156,-0.28361239643416847,-0.015307791668750126,0.4995836802664446,0.6344712739383847,0.17809057360912442
logit_signal,0.5,optimistic_low_cost,1.0,both,1201,1.0,0.21638760356583156,-0.7836123964341685,-0.5153077916687501,0.2939217318900916,0.6344712739383847,0.17809057360912442
logit_signal,0.5,moderate_cost,2.0,both,1201,1.0,0.21638760356583156,-1.7836123964341684,-1.51530779166875,0.07160699417152373,0.6344712739383847,0.17809057360912442
logit_signal,0.5,expensive_taker_like,5.0,both,1201,1.0,0.21638760356583156,-4.783612396434169,-4.51530779166875,0.006661115736885929,0.6344712739383847,0.17809057360912442
logit_signal,0.5,very_expensive_round_trip,9.0,both,1201,1.0,0.21638760356583156,-8.783612396434169,-8.51530779166875,0.0,0.6344712739383847,0.17809057360912442
logit_signal,0.5,no_cost,0.0,down,588,0.48959200666111574,0.03911116749830379,0.03911116749830379,0.3956816271644126,0.5816326530612245,0.5816326530612245,-0.03911116749830379
logit_signal,0.5,very_optimistic_passive_like,0.5,down,588,0.48959200666111574,0.03911116749830379,-0.4608888325016962,-0.10431837283558743,0.4642857142857143,0.5816326530612245,-0.03911116749830379
logit_signal,0.5,optimistic_low_cost,1.0,down,588,0.48959200666111574,0.03911116749830379,-0.9608888325016962,-0.6043183728355874,0.2789115646258503,0.5816326530612245,-0.03911116749830379
logit_signal,0.5,moderate_cost,2.0,down,588,0.48959200666111574,0.03911116749830379,-1.9608888325016962,-1.6043183728355874,0.05612244897959184,0.5816326530612245,-0.03911116749830379
logit_signal,0.5,expensive_taker_like,5.0,down,588,0.48959200666111574,0.03911116749830379,-4.960888832501696,-4.604318372835587,0.0,0.5816326530612245,-0.03911116749830379
logit_signal,0.5,very_expensive_round_trip,9.0,down,588,0.48959200666111574,0.03911116749830379,-8.960888832501697,-8.604318372835587,0.0,0.5816326530612245,-0.03911116749830379
logit_signal,0.5,no_cost,0.0,up,613,0.5104079933388843,0.3864341686681257,0.3864341686681257,0.597924233303182,0.6851549755301795,0.6851549755301795,0.3864341686681257
logit_signal,0.5,very_optimistic_passive_like,0.5,up,613,0.5104079933388843,0.3864341686681257,-0.11356583133187427,0.097924233303182,0.533442088091354,0.6851549755301795,0.3864341686681257
logit_signal,0.5,optimistic_low_cost,1.0,up,613,0.5104079933388843,0.3864341686681257,-0.6135658313318743,-0.402075766696818,0.3083197389885807,0.6851549755301795,0.3864341686681257
logit_signal,0.5,moderate_cost,2.0,up,613,0.5104079933388843,0.3864341686681257,-1.6135658313318741,-1.402075766696818,0.0864600326264274,0.6851549755301795,0.3864341686681257
logit_signal,0.5,expensive_taker_like,5.0,up,613,0.5104079933388843,0.3864341686681257,-4.613565831331874,-4.402075766696818,0.013050570962479609,0.6851549755301795,0.3864341686681257
logit_signal,0.5,very_expensive_round_trip,9.0,up,613,0.5104079933388843,0.3864341686681257,-8.613565831331876,-8.402075766696818,0.0,0.6851549755301795,0.3864341686681257
logit_signal,0.55,no_cost,0.0,both,1102,0.9175686927560366,0.27052662736659855,0.27052662736659855,0.5483512770543264,0.6551724137931034,0.6551724137931034,0.14935241435827115
logit_signal,0.55,very_optimistic_passive_like,0.5,both,1102,0.9175686927560366,0.27052662736659855,-0.2294733726334015,0.0483512770543264,0.5136116152450091,0.6551724137931034,0.14935241435827115
logit_signal,0.55,optimistic_low_cost,1.0,both,1102,0.9175686927560366,0.27052662736659855,-0.7294733726334015,-0.4516487229456736,0.30127041742286753,0.6551724137931034,0.14935241435827115
logit_signal,0.55,moderate_cost,2.0,both,1102,0.9175686927560366,0.27052662736659855,-1.7294733726334013,-1.4516487229456736,0.07713248638838476,0.6551724137931034,0.14935241435827115
logit_signal,0.55,expensive_taker_like,5.0,both,1102,0.9175686927560366,0.27052662736659855,-4.729473372633401,-4.451648722945674,0.007259528130671506,0.6551724137931034,0.14935241435827115
logit_signal,0.55,very_expensive_round_trip,9.0,both,1102,0.9175686927560366,0.27052662736659855,-8.729473372633402,-8.451648722945674,0.0,0.6551724137931034,0.14935241435827115
logit_signal,0.55,no_cost,0.0,down,534,0.4446294754371357,0.1250318190404276,0.1250318190404276,0.45224717357628114,0.601123595505618,0.601123595505618,-0.1250318190404276
logit_signal,0.55,very_optimistic_passive_like,0.5,down,534,0.4446294754371357,0.1250318190404276,-0.3749681809595724,-0.047752826423718864,0.4812734082397004,0.601123595505618,-0.1250318190404276
logit_signal,0.55,optimistic_low_cost,1.0,down,534,0.4446294754371357,0.1250318190404276,-0.8749681809595725,-0.5477528264237188,0.2958801498127341,0.601123595505618,-0.1250318190404276
logit_signal,0.55,moderate_cost,2.0,down,534,0.4446294754371357,0.1250318190404276,-1.8749681809595724,-1.5477528264237188,0.06179775280898876,0.601123595505618,-0.1250318190404276
logit_signal,0.55,expensive_taker_like,5.0,down,534,0.4446294754371357,0.1250318190404276,-4.874968180959572,-4.547752826423719,0.0,0.601123595505618,-0.1250318190404276
logit_signal,0.55,very_expensive_round_trip,9.0,down,534,0.4446294754371357,0.1250318190404276,-8.874968180959574,-8.547752826423718,0.0,0.601123595505618,-0.1250318190404276
logit_signal,0.55,no_cost,0.0,up,568,0.47293921731890093,0.4073122394197239,0.4073122394197239,0.613250899501594,0.7059859154929577,0.7059859154929577,0.4073122394197239
logit_signal,0.55,very_optimistic_passive_like,0.5,up,568,0.47293921731890093,0.4073122394197239,-0.0926877605802761,0.11325089950159395,0.5440140845070423,0.7059859154929577,0.4073122394197239
logit_signal,0.55,optimistic_low_cost,1.0,up,568,0.47293921731890093,0.4073122394197239,-0.5926877605802761,-0.38674910049840605,0.30633802816901406,0.7059859154929577,0.4073122394197239
logit_signal,0.55,moderate_cost,2.0,up,568,0.47293921731890093,0.4073122394197239,-1.5926877605802763,-1.386749100498406,0.09154929577464789,0.7059859154929577,0.4073122394197239
logit_signal,0.55,expensive_taker_like,5.0,up,568,0.47293921731890093,0.4073122394197239,-4.592687760580276,-4.386749100498406,0.014084507042253521,0.7059859154929577,0.4073122394197239
logit_signal,0.55,very_expensive_round_trip,9.0,up,568,0.47293921731890093,0.4073122394197239,-8.592687760580276,-8.386749100498406,0.0,0.7059859154929577,0.4073122394197239
logit_signal,0.6,no_cost,0.0,both,987,0.8218151540383014,0.2868545855347481,0.2868545855347481,0.5489719289653028,0.6646403242147924,0.6646403242147924,0.1502741546690078
logit_signal,0.6,very_optimistic_passive_like,0.5,both,987,0.8218151540383014,0.2868545855347481,-0.21314541446525193,0.04897192896530278,0.5197568389057751,0.6646403242147924,0.1502741546690078
logit_signal,0.6,optimistic_low_cost,1.0,both,987,0.8218151540383014,0.2868545855347481,-0.7131454144652519,-0.4510280710346972,0.3069908814589666,0.6646403242147924,0.1502741546690078
logit_signal,0.6,moderate_cost,2.0,both,987,0.8218151540383014,0.2868545855347481,-1.7131454144652518,-1.4510280710346972,0.08206686930091185,0.6646403242147924,0.1502741546690078
logit_signal,0.6,expensive_taker_like,5.0,both,987,0.8218151540383014,0.2868545855347481,-4.713145414465252,-4.451028071034697,0.008105369807497468,0.6646403242147924,0.1502741546690078
logit_signal,0.6,very_expensive_round_trip,9.0,both,987,0.8218151540383014,0.2868545855347481,-8.713145414465252,-8.451028071034697,0.0,0.6646403242147924,0.1502741546690078
logit_signal,0.6,no_cost,0.0,down,475,0.395503746877602,0.14189987922577438,0.14189987922577438,0.4687758887544913,0.6105263157894737,0.6105263157894737,-0.14189987922577438
logit_signal,0.6,very_optimistic_passive_like,0.5,down,475,0.395503746877602,0.14189987922577438,-0.3581001207742256,-0.031224111245508723,0.4905263157894737,0.6105263157894737,-0.14189987922577438
logit_signal,0.6,optimistic_low_cost,1.0,down,475,0.395503746877602,0.14189987922577438,-0.8581001207742257,-0.5312241112455087,0.3094736842105263,0.6105263157894737,-0.14189987922577438
logit_signal,0.6,moderate_cost,2.0,down,475,0.395503746877602,0.14189987922577438,-1.8581001207742256,-1.5312241112455087,0.06315789473684211,0.6105263157894737,-0.14189987922577438
logit_signal,0.6,expensive_taker_like,5.0,down,475,0.395503746877602,0.14189987922577438,-4.858100120774226,-4.531224111245509,0.0,0.6105263157894737,-0.14189987922577438
logit_signal,0.6,very_expensive_round_trip,9.0,down,475,0.395503746877602,0.14189987922577438,-8.858100120774225,-8.531224111245509,0.0,0.6105263157894737,-0.14189987922577438
logit_signal,0.6,no_cost,0.0,up,512,0.42631140716069943,0.42133404939561236,0.42133404939561236,0.6134469805485487,0.71484375,0.71484375,0.42133404939561236
logit_signal,0.6,very_optimistic_passive_like,0.5,up,512,0.42631140716069943,0.42133404939561236,-0.07866595060438764,0.11344698054854874,0.546875,0.71484375,0.42133404939561236
logit_signal,0.6,optimistic_low_cost,1.0,up,512,0.42631140716069943,0.42133404939561236,-0.5786659506043876,-0.38655301945145126,0.3046875,0.71484375,0.42133404939561236
logit_signal,0.6,moderate_cost,2.0,up,512,0.42631140716069943,0.42133404939561236,-1.5786659506043876,-1.3865530194514513,0.099609375,0.71484375,0.42133404939561236
logit_signal,0.6,expensive_taker_like,5.0,up,512,0.42631140716069943,0.42133404939561236,-4.578665950604387,-4.386553019451451,0.015625,0.71484375,0.42133404939561236
logit_signal,0.6,very_expensive_round_trip,9.0,up,512,0.42631140716069943,0.42133404939561236,-8.578665950604387,-8.386553019451451,0.0,0.71484375,0.42133404939561236
logit_signal,0.65,no_cost,0.0,both,846,0.704412989175687,0.32977379755441133,0.32977379755441133,0.549317836572305,0.6843971631205674,0.6843971631205674,0.11971069264582941
logit_signal,0.65,very_optimistic_passive_like,0.5,both,846,0.704412989175687,0.32977379755441133,-0.17022620244558861,0.04931783657230504,0.5307328605200946,0.6843971631205674,0.11971069264582941
logit_signal,0.65,optimistic_low_cost,1.0,both,846,0.704412989175687,0.32977379755441133,-0.6702262024455885,-0.45068216342769496,0.32505910165484636,0.6843971631205674,0.11971069264582941
logit_signal,0.65,moderate_cost,2.0,both,846,0.704412989175687,0.32977379755441133,-1.6702262024455885,-1.450682163427695,0.08747044917257683,0.6843971631205674,0.11971069264582941
logit_signal,0.65,expensive_taker_like,5.0,both,846,0.704412989175687,0.32977379755441133,-4.670226202445589,-4.450682163427695,0.0070921985815602835,0.6843971631205674,0.11971069264582941
logit_signal,0.65,very_expensive_round_trip,9.0,both,846,0.704412989175687,0.32977379755441133,-8.670226202445589,-8.450682163427695,0.0,0.6843971631205674,0.11971069264582941
logit_signal,0.65,no_cost,0.0,down,403,0.33555370524562866,0.22048807289411954,0.22048807289411954,0.5483512770543264,0.6352357320099256,0.6352357320099256,-0.22048807289411954
logit_signal,0.65,very_optimistic_passive_like,0.5,down,403,0.33555370524562866,0.22048807289411954,-0.27951192710588046,0.0483512770543264,0.5161290322580645,0.6352357320099256,-0.22048807289411954
logit_signal,0.65,optimistic_low_cost,1.0,down,403,0.33555370524562866,0.22048807289411954,-0.7795119271058804,-0.4516487229456736,0.3424317617866005,0.6352357320099256,-0.22048807289411954
logit_signal,0.65,moderate_cost,2.0,down,403,0.33555370524562866,0.22048807289411954,-1.7795119271058804,-1.4516487229456736,0.06947890818858561,0.6352357320099256,-0.22048807289411954
logit_signal,0.65,expensive_taker_like,5.0,down,403,0.33555370524562866,0.22048807289411954,-4.779511927105881,-4.451648722945674,0.0,0.6352357320099256,-0.22048807289411954
logit_signal,0.65,very_expensive_round_trip,9.0,down,403,0.33555370524562866,0.22048807289411954,-8.77951192710588,-8.451648722945674,0.0,0.6352357320099256,-0.22048807289411954
logit_signal,0.65,no_cost,0.0,up,443,0.3688592839300583,0.42919173669232924,0.42919173669232924,0.613250899501594,0.7291196388261851,0.7291196388261851,0.42919173669232924
logit_signal,0.65,very_optimistic_passive_like,0.5,up,443,0.3688592839300583,0.42919173669232924,-0.07080826330767075,0.11325089950159395,0.5440180586907449,0.7291196388261851,0.42919173669232924
logit_signal,0.65,optimistic_low_cost,1.0,up,443,0.3688592839300583,0.42919173669232924,-0.5708082633076708,-0.38674910049840605,0.309255079006772,0.7291196388261851,0.42919173669232924
logit_signal,0.65,moderate_cost,2.0,up,443,0.3688592839300583,0.42919173669232924,-1.570808263307671,-1.386749100498406,0.1038374717832957,0.7291196388261851,0.42919173669232924
logit_signal,0.65,expensive_taker_like,5.0,up,443,0.3688592839300583,0.42919173669232924,-4.57080826330767,-4.386749100498406,0.013544018058690745,0.7291196388261851,0.42919173669232924
logit_signal,0.65,very_expensive_round_trip,9.0,up,443,0.3688592839300583,0.42919173669232924,-8.57080826330767,-8.386749100498406,0.0,0.7291196388261851,0.42919173669232924
logit_signal,0.7,no_cost,0.0,both,703,0.585345545378851,0.4260653089504395,0.4260653089504395,0.5977773990073487,0.7240398293029872,0.7240398293029872,0.04559193581665315
logit_signal,0.7,very_optimistic_passive_like,0.5,both,703,0.585345545378851,0.4260653089504395,-0.07393469104956062,0.09777739900734872,0.5633001422475107,0.7240398293029872,0.04559193581665315
logit_signal,0.7,optimistic_low_cost,1.0,both,703,0.585345545378851,0.4260653089504395,-0.5739346910495606,-0.4022226009926513,0.3485064011379801,0.7240398293029872,0.04559193581665315
logit_signal,0.7,moderate_cost,2.0,both,703,0.585345545378851,0.4260653089504395,-1.5739346910495604,-1.4022226009926513,0.08250355618776671,0.7240398293029872,0.04559193581665315
logit_signal,0.7,expensive_taker_like,5.0,both,703,0.585345545378851,0.4260653089504395,-4.573934691049559,-4.402222600992651,0.008534850640113799,0.7240398293029872,0.04559193581665315
logit_signal,0.7,very_expensive_round_trip,9.0,both,703,0.585345545378851,0.4260653089504395,-8.57393469104956,-8.402222600992651,0.0,0.7240398293029872,0.04559193581665315
logit_signal,0.7,no_cost,0.0,down,339,0.28226477935054123,0.3945026273053861,0.3945026273053861,0.5654587122239096,0.696165191740413,0.696165191740413,-0.3945026273053861
logit_signal,0.7,very_optimistic_passive_like,0.5,down,339,0.28226477935054123,0.3945026273053861,-0.10549737269461393,0.06545871222390964,0.5663716814159292,0.696165191740413,-0.3945026273053861
logit_signal,0.7,optimistic_low_cost,1.0,down,339,0.28226477935054123,0.3945026273053861,-0.6054973726946139,-0.43454128777609036,0.3805309734513274,0.696165191740413,-0.3945026273053861
logit_signal,0.7,moderate_cost,2.0,down,339,0.28226477935054123,0.3945026273053861,-1.605497372694614,-1.4345412877760904,0.07669616519174041,0.696165191740413,-0.3945026273053861
logit_signal,0.7,expensive_taker_like,5.0,down,339,0.28226477935054123,0.3945026273053861,-4.6054973726946145,-4.43454128777609,0.0,0.696165191740413,-0.3945026273053861
logit_signal,0.7,very_expensive_round_trip,9.0,down,339,0.28226477935054123,0.3945026273053861,-8.605497372694613,-8.43454128777609,0.0,0.696165191740413,-0.3945026273053861
logit_signal,0.7,no_cost,0.0,up,364,0.30308076602830974,0.4554602239989918,0.4554602239989918,0.6461038749394632,0.75,0.75,0.4554602239989918
logit_signal,0.7,very_optimistic_passive_like,0.5,up,364,0.30308076602830974,0.4554602239989918,-0.04453977600100816,0.1461038749394632,0.5604395604395604,0.75,0.4554602239989918
logit_signal,0.7,optimistic_low_cost,1.0,up,364,0.30308076602830974,0.4554602239989918,-0.5445397760010081,-0.3538961250605368,0.31868131868131866,0.75,0.4554602239989918
logit_signal,0.7,moderate_cost,2.0,up,364,0.30308076602830974,0.4554602239989918,-1.5445397760010082,-1.3538961250605368,0.08791208791208792,0.75,0.4554602239989918
logit_signal,0.7,expensive_taker_like,5.0,up,364,0.30308076602830974,0.4554602239989918,-4.544539776001008,-4.353896125060537,0.016483516483516484,0.75,0.4554602239989918
logit_signal,0.7,very_expensive_round_trip,9.0,up,364,0.30308076602830974,0.4554602239989918,-8.54453977600101,-8.353896125060537,0.0,0.75,0.4554602239989918
logit_signal,0.75,no_cost,0.0,both,505,0.42048293089092426,0.5999842894840731,0.5999842894840731,0.7432847855270985,0.7603960396039604,0.7603960396039604,-0.022356147444309846
logit_signal,0.75,very_optimistic_passive_like,0.5,both,505,0.42048293089092426,0.5999842894840731,0.09998428948407319,0.24328478552709853,0.6138613861386139,0.7603960396039604,-0.022356147444309846
logit_signal,0.75,optimistic_low_cost,1.0,both,505,0.42048293089092426,0.5999842894840731,-0.4000157105159268,-0.25671521447290147,0.38811881188118813,0.7603960396039604,-0.022356147444309846
logit_signal,0.75,moderate_cost,2.0,both,505,0.42048293089092426,0.5999842894840731,-1.400015710515927,-1.2567152144729015,0.09702970297029703,0.7603960396039604,-0.022356147444309846
logit_signal,0.75,expensive_taker_like,5.0,both,505,0.42048293089092426,0.5999842894840731,-4.400015710515927,-4.2567152144729015,0.011881188118811881,0.7603960396039604,-0.022356147444309846
logit_signal,0.75,very_expensive_round_trip,9.0,both,505,0.42048293089092426,0.5999842894840731,-8.400015710515927,-8.256715214472901,0.0,0.7603960396039604,-0.022356147444309846
logit_signal,0.75,no_cost,0.0,down,243,0.20233139050791007,0.6466706186189988,0.6466706186189988,0.7434385487425921,0.7613168724279835,0.7613168724279835,-0.6466706186189988
logit_signal,0.75,very_optimistic_passive_like,0.5,down,243,0.20233139050791007,0.6466706186189988,0.14667061861899883,0.24343854874259208,0.6213991769547325,0.7613168724279835,-0.6466706186189988
logit_signal,0.75,optimistic_low_cost,1.0,down,243,0.20233139050791007,0.6466706186189988,-0.3533293813810012,-0.2565614512574079,0.4403292181069959,0.7613168724279835,-0.6466706186189988
logit_signal,0.75,moderate_cost,2.0,down,243,0.20233139050791007,0.6466706186189988,-1.3533293813810012,-1.256561451257408,0.09053497942386832,0.7613168724279835,-0.6466706186189988
logit_signal,0.75,expensive_taker_like,5.0,down,243,0.20233139050791007,0.6466706186189988,-4.353329381381,-4.256561451257408,0.0,0.7613168724279835,-0.6466706186189988
logit_signal,0.75,very_expensive_round_trip,9.0,down,243,0.20233139050791007,0.6466706186189988,-8.353329381381002,-8.256561451257408,0.0,0.7613168724279835,-0.6466706186189988
logit_signal,0.75,no_cost,0.0,up,262,0.21815154038301415,0.5566836101719093,0.5566836101719093,0.7432847855270985,0.7595419847328244,0.7595419847328244,0.5566836101719093
logit_signal,0.75,very_optimistic_passive_like,0.5,up,262,0.21815154038301415,0.5566836101719093,0.05668361017190932,0.24328478552709853,0.6068702290076335,0.7595419847328244,0.5566836101719093
logit_signal,0.75,optimistic_low_cost,1.0,up,262,0.21815154038301415,0.5566836101719093,-0.4433163898280907,-0.25671521447290147,0.33969465648854963,0.7595419847328244,0.5566836101719093
logit_signal,0.75,moderate_cost,2.0,up,262,0.21815154038301415,0.5566836101719093,-1.4433163898280905,-1.2567152144729015,0.10305343511450382,0.7595419847328244,0.5566836101719093
logit_signal,0.75,expensive_taker_like,5.0,up,262,0.21815154038301415,0.5566836101719093,-4.443316389828091,-4.2567152144729015,0.022900763358778626,0.7595419847328244,0.5566836101719093
logit_signal,0.75,very_expensive_round_trip,9.0,up,262,0.21815154038301415,0.5566836101719093,-8.443316389828091,-8.256715214472901,0.0,0.7595419847328244,0.5566836101719093
