evaluation_method,model,cost_scenario,round_trip_cost_bps,n_trades_or_episodes,gross_mean_signed_return_bps,net_mean_signed_return_bps,net_median_signed_return_bps,net_positive_share
cooldown_first_signal,hist_gradient_boosting_dynamic_full,no_cost,0.0,17,2.03899102828077,2.03899102828077,2.130893352825236,0.7647058823529411
cooldown_first_signal,hist_gradient_boosting_dynamic_full,very_low_cost,1.0,17,2.03899102828077,1.0389910282807697,1.130893352825236,0.6470588235294118
cooldown_first_signal,hist_gradient_boosting_dynamic_full,low_cost,2.0,17,2.03899102828077,0.03899102828076968,0.13089335282523606,0.5294117647058824
cooldown_first_signal,hist_gradient_boosting_dynamic_full,medium_cost,3.0,17,2.03899102828077,-0.9610089717192303,-0.8691066471747639,0.35294117647058826
cooldown_first_signal,hist_gradient_boosting_dynamic_full,near_best_raw_edge,3.5,17,2.03899102828077,-1.4610089717192303,-1.369106647174764,0.29411764705882354
cooldown_first_signal,hist_gradient_boosting_dynamic_full,high_cost,4.0,17,2.03899102828077,-1.9610089717192305,-1.869106647174764,0.11764705882352941
cooldown_first_signal,hist_gradient_boosting_dynamic_full,expensive_taker_like,5.0,17,2.03899102828077,-2.96100897171923,-2.869106647174764,0.058823529411764705
cooldown_first_signal,hist_gradient_boosting_dynamic_full,very_expensive_round_trip,9.0,17,2.03899102828077,-6.961008971719231,-6.869106647174764,0.058823529411764705
cooldown_first_signal,hist_gradient_boosting_static_full,no_cost,0.0,11,1.8518328515349964,1.8518328515349964,1.4537290168359362,0.9090909090909091
cooldown_first_signal,hist_gradient_boosting_static_full,very_low_cost,1.0,11,1.8518328515349964,0.8518328515349968,0.45372901683593625,0.5454545454545454
cooldown_first_signal,hist_gradient_boosting_static_full,low_cost,2.0,11,1.8518328515349964,-0.14816714846500323,-0.5462709831640638,0.45454545454545453
cooldown_first_signal,hist_gradient_boosting_static_full,medium_cost,3.0,11,1.8518328515349964,-1.1481671484650031,-1.5462709831640638,0.36363636363636365
cooldown_first_signal,hist_gradient_boosting_static_full,near_best_raw_edge,3.5,11,1.8518328515349964,-1.6481671484650031,-2.0462709831640638,0.2727272727272727
cooldown_first_signal,hist_gradient_boosting_static_full,high_cost,4.0,11,1.8518328515349964,-2.1481671484650033,-2.5462709831640638,0.09090909090909091
cooldown_first_signal,hist_gradient_boosting_static_full,expensive_taker_like,5.0,11,1.8518328515349964,-3.1481671484650033,-3.5462709831640638,0.09090909090909091
cooldown_first_signal,hist_gradient_boosting_static_full,very_expensive_round_trip,9.0,11,1.8518328515349964,-7.148167148465003,-7.546270983164064,0.0
cooldown_first_signal,lightgbm_dynamic_compact,no_cost,0.0,12,2.9380418298093525,2.9380418298093525,2.625314652953681,0.9166666666666666
cooldown_first_signal,lightgbm_dynamic_compact,very_low_cost,1.0,12,2.9380418298093525,1.9380418298093531,1.625314652953681,0.8333333333333334
cooldown_first_signal,lightgbm_dynamic_compact,low_cost,2.0,12,2.9380418298093525,0.9380418298093532,0.625314652953681,0.5833333333333334
cooldown_first_signal,lightgbm_dynamic_compact,medium_cost,3.0,12,2.9380418298093525,-0.06195817019064679,-0.37468534704631895,0.4166666666666667
cooldown_first_signal,lightgbm_dynamic_compact,near_best_raw_edge,3.5,12,2.9380418298093525,-0.5619581701906468,-0.874685347046319,0.4166666666666667
cooldown_first_signal,lightgbm_dynamic_compact,high_cost,4.0,12,2.9380418298093525,-1.0619581701906469,-1.374685347046319,0.25
cooldown_first_signal,lightgbm_dynamic_compact,expensive_taker_like,5.0,12,2.9380418298093525,-2.0619581701906466,-2.374685347046319,0.16666666666666666
cooldown_first_signal,lightgbm_dynamic_compact,very_expensive_round_trip,9.0,12,2.9380418298093525,-6.061958170190647,-6.374685347046319,0.08333333333333333
cooldown_first_signal,lightgbm_dynamic_full,no_cost,0.0,13,1.7019139058964514,1.7019139058964514,1.2436495137246872,0.8461538461538461
cooldown_first_signal,lightgbm_dynamic_full,very_low_cost,1.0,13,1.7019139058964514,0.7019139058964512,0.24364951372468724,0.6923076923076923
cooldown_first_signal,lightgbm_dynamic_full,low_cost,2.0,13,1.7019139058964514,-0.2980860941035488,-0.7563504862753128,0.38461538461538464
cooldown_first_signal,lightgbm_dynamic_full,medium_cost,3.0,13,1.7019139058964514,-1.2980860941035486,-1.7563504862753128,0.23076923076923078
cooldown_first_signal,lightgbm_dynamic_full,near_best_raw_edge,3.5,13,1.7019139058964514,-1.798086094103549,-2.2563504862753128,0.23076923076923078
cooldown_first_signal,lightgbm_dynamic_full,high_cost,4.0,13,1.7019139058964514,-2.298086094103549,-2.7563504862753128,0.15384615384615385
cooldown_first_signal,lightgbm_dynamic_full,expensive_taker_like,5.0,13,1.7019139058964514,-3.2980860941035486,-3.7563504862753128,0.07692307692307693
cooldown_first_signal,lightgbm_dynamic_full,very_expensive_round_trip,9.0,13,1.7019139058964514,-7.2980860941035495,-7.756350486275313,0.07692307692307693
cooldown_first_signal,logit_dynamic_compact,no_cost,0.0,23,0.5605121953098176,0.5605121953098176,0.2584206781763853,0.6521739130434783
cooldown_first_signal,logit_dynamic_compact,very_low_cost,1.0,23,0.5605121953098176,-0.43948780469018245,-0.7415793218236146,0.391304347826087
cooldown_first_signal,logit_dynamic_compact,low_cost,2.0,23,0.5605121953098176,-1.4394878046901824,-1.7415793218236146,0.30434782608695654
cooldown_first_signal,logit_dynamic_compact,medium_cost,3.0,23,0.5605121953098176,-2.4394878046901822,-2.7415793218236146,0.2608695652173913
cooldown_first_signal,logit_dynamic_compact,near_best_raw_edge,3.5,23,0.5605121953098176,-2.9394878046901822,-3.2415793218236146,0.17391304347826086
cooldown_first_signal,logit_dynamic_compact,high_cost,4.0,23,0.5605121953098176,-3.4394878046901822,-3.7415793218236146,0.13043478260869565
cooldown_first_signal,logit_dynamic_compact,expensive_taker_like,5.0,23,0.5605121953098176,-4.439487804690183,-4.741579321823615,0.08695652173913043
cooldown_first_signal,logit_dynamic_compact,very_expensive_round_trip,9.0,23,0.5605121953098176,-8.439487804690184,-8.741579321823615,0.0
cooldown_first_signal,xgboost_dynamic_compact,no_cost,0.0,12,2.0903719386526167,2.0903719386526167,1.7532378132090187,0.8333333333333334
cooldown_first_signal,xgboost_dynamic_compact,very_low_cost,1.0,12,2.0903719386526167,1.090371938652617,0.7532378132090187,0.75
cooldown_first_signal,xgboost_dynamic_compact,low_cost,2.0,12,2.0903719386526167,0.09037193865261688,-0.24676218679098127,0.4166666666666667
cooldown_first_signal,xgboost_dynamic_compact,medium_cost,3.0,12,2.0903719386526167,-0.9096280613473832,-1.2467621867909813,0.3333333333333333
cooldown_first_signal,xgboost_dynamic_compact,near_best_raw_edge,3.5,12,2.0903719386526167,-1.409628061347383,-1.7467621867909813,0.25
cooldown_first_signal,xgboost_dynamic_compact,high_cost,4.0,12,2.0903719386526167,-1.909628061347383,-2.2467621867909813,0.16666666666666666
cooldown_first_signal,xgboost_dynamic_compact,expensive_taker_like,5.0,12,2.0903719386526167,-2.9096280613473833,-3.2467621867909813,0.16666666666666666
cooldown_first_signal,xgboost_dynamic_compact,very_expensive_round_trip,9.0,12,2.0903719386526167,-6.909628061347383,-7.246762186790981,0.08333333333333333
cooldown_first_signal,xgboost_dynamic_full,no_cost,0.0,11,1.889570221541267,1.889570221541267,1.1629155909020916,0.9090909090909091
cooldown_first_signal,xgboost_dynamic_full,very_low_cost,1.0,11,1.889570221541267,0.8895702215412672,0.16291559090209162,0.6363636363636364
cooldown_first_signal,xgboost_dynamic_full,low_cost,2.0,11,1.889570221541267,-0.11042977845873286,-0.8370844090979084,0.36363636363636365
cooldown_first_signal,xgboost_dynamic_full,medium_cost,3.0,11,1.889570221541267,-1.110429778458733,-1.8370844090979084,0.2727272727272727
cooldown_first_signal,xgboost_dynamic_full,near_best_raw_edge,3.5,11,1.889570221541267,-1.610429778458733,-2.3370844090979084,0.18181818181818182
cooldown_first_signal,xgboost_dynamic_full,high_cost,4.0,11,1.889570221541267,-2.110429778458733,-2.8370844090979084,0.18181818181818182
cooldown_first_signal,xgboost_dynamic_full,expensive_taker_like,5.0,11,1.889570221541267,-3.110429778458733,-3.8370844090979084,0.09090909090909091
cooldown_first_signal,xgboost_dynamic_full,very_expensive_round_trip,9.0,11,1.889570221541267,-7.110429778458734,-7.837084409097908,0.09090909090909091
episode_first_signal,hist_gradient_boosting_dynamic_full,no_cost,0.0,13,2.5367301128967985,2.5367301128967985,2.568628005314988,0.8461538461538461
episode_first_signal,hist_gradient_boosting_dynamic_full,very_low_cost,1.0,13,2.5367301128967985,1.5367301128967985,1.568628005314988,0.7692307692307693
episode_first_signal,hist_gradient_boosting_dynamic_full,low_cost,2.0,13,2.5367301128967985,0.5367301128967986,0.5686280053149879,0.6153846153846154
episode_first_signal,hist_gradient_boosting_dynamic_full,medium_cost,3.0,13,2.5367301128967985,-0.4632698871032014,-0.4313719946850121,0.46153846153846156
episode_first_signal,hist_gradient_boosting_dynamic_full,near_best_raw_edge,3.5,13,2.5367301128967985,-0.9632698871032014,-0.9313719946850121,0.38461538461538464
episode_first_signal,hist_gradient_boosting_dynamic_full,high_cost,4.0,13,2.5367301128967985,-1.4632698871032015,-1.431371994685012,0.07692307692307693
episode_first_signal,hist_gradient_boosting_dynamic_full,expensive_taker_like,5.0,13,2.5367301128967985,-2.4632698871032015,-2.431371994685012,0.07692307692307693
episode_first_signal,hist_gradient_boosting_dynamic_full,very_expensive_round_trip,9.0,13,2.5367301128967985,-6.463269887103201,-6.431371994685012,0.07692307692307693
episode_first_signal,hist_gradient_boosting_static_full,no_cost,0.0,10,1.549999016454029,1.549999016454029,1.1145343461704815,0.8
episode_first_signal,hist_gradient_boosting_static_full,very_low_cost,1.0,10,1.549999016454029,0.5499990164540289,0.11453434617048153,0.5
episode_first_signal,hist_gradient_boosting_static_full,low_cost,2.0,10,1.549999016454029,-0.45000098354597107,-0.8854656538295185,0.4
episode_first_signal,hist_gradient_boosting_static_full,medium_cost,3.0,10,1.549999016454029,-1.450000983545971,-1.8854656538295185,0.4
episode_first_signal,hist_gradient_boosting_static_full,near_best_raw_edge,3.5,10,1.549999016454029,-1.950000983545971,-2.3854656538295185,0.3
episode_first_signal,hist_gradient_boosting_static_full,high_cost,4.0,10,1.549999016454029,-2.450000983545971,-2.8854656538295185,0.1
episode_first_signal,hist_gradient_boosting_static_full,expensive_taker_like,5.0,10,1.549999016454029,-3.4500009835459706,-3.8854656538295185,0.1
episode_first_signal,hist_gradient_boosting_static_full,very_expensive_round_trip,9.0,10,1.549999016454029,-7.450000983545971,-7.8854656538295185,0.0
episode_first_signal,lightgbm_dynamic_compact,no_cost,0.0,9,2.793947652384906,2.793947652384906,2.7474902888335877,0.8888888888888888
episode_first_signal,lightgbm_dynamic_compact,very_low_cost,1.0,9,2.793947652384906,1.7939476523849056,1.7474902888335877,0.7777777777777778
episode_first_signal,lightgbm_dynamic_compact,low_cost,2.0,9,2.793947652384906,0.7939476523849057,0.7474902888335877,0.5555555555555556
episode_first_signal,lightgbm_dynamic_compact,medium_cost,3.0,9,2.793947652384906,-0.2060523476150943,-0.2525097111664123,0.4444444444444444
episode_first_signal,lightgbm_dynamic_compact,near_best_raw_edge,3.5,9,2.793947652384906,-0.7060523476150943,-0.7525097111664123,0.4444444444444444
episode_first_signal,lightgbm_dynamic_compact,high_cost,4.0,9,2.793947652384906,-1.2060523476150944,-1.2525097111664123,0.2222222222222222
episode_first_signal,lightgbm_dynamic_compact,expensive_taker_like,5.0,9,2.793947652384906,-2.206052347615094,-2.2525097111664123,0.1111111111111111
episode_first_signal,lightgbm_dynamic_compact,very_expensive_round_trip,9.0,9,2.793947652384906,-6.206052347615095,-6.252509711166413,0.1111111111111111
episode_first_signal,lightgbm_dynamic_full,no_cost,0.0,9,1.585589363569426,1.585589363569426,1.1629155909020916,0.7777777777777778
episode_first_signal,lightgbm_dynamic_full,very_low_cost,1.0,9,1.585589363569426,0.585589363569426,0.16291559090209162,0.5555555555555556
episode_first_signal,lightgbm_dynamic_full,low_cost,2.0,9,1.585589363569426,-0.41441063643057396,-0.8370844090979084,0.3333333333333333
episode_first_signal,lightgbm_dynamic_full,medium_cost,3.0,9,1.585589363569426,-1.414410636430574,-1.8370844090979084,0.3333333333333333
episode_first_signal,lightgbm_dynamic_full,near_best_raw_edge,3.5,9,1.585589363569426,-1.9144106364305742,-2.3370844090979084,0.3333333333333333
episode_first_signal,lightgbm_dynamic_full,high_cost,4.0,9,1.585589363569426,-2.414410636430574,-2.8370844090979084,0.1111111111111111
episode_first_signal,lightgbm_dynamic_full,expensive_taker_like,5.0,9,1.585589363569426,-3.4144106364305737,-3.8370844090979084,0.1111111111111111
episode_first_signal,lightgbm_dynamic_full,very_expensive_round_trip,9.0,9,1.585589363569426,-7.414410636430574,-7.837084409097908,0.1111111111111111
episode_first_signal,logit_dynamic_compact,no_cost,0.0,22,1.4380615617206405,1.4380615617206405,1.9144641916757354,0.7272727272727273
episode_first_signal,logit_dynamic_compact,very_low_cost,1.0,22,1.4380615617206405,0.43806156172064026,0.9144641916757354,0.5909090909090909
episode_first_signal,logit_dynamic_compact,low_cost,2.0,22,1.4380615617206405,-0.5619384382793599,-0.08553580832426455,0.5
episode_first_signal,logit_dynamic_compact,medium_cost,3.0,22,1.4380615617206405,-1.56193843827936,-1.0855358083242646,0.36363636363636365
episode_first_signal,logit_dynamic_compact,near_best_raw_edge,3.5,22,1.4380615617206405,-2.0619384382793595,-1.5855358083242646,0.3181818181818182
episode_first_signal,logit_dynamic_compact,high_cost,4.0,22,1.4380615617206405,-2.5619384382793595,-2.0855358083242646,0.22727272727272727
episode_first_signal,logit_dynamic_compact,expensive_taker_like,5.0,22,1.4380615617206405,-3.5619384382793595,-3.0855358083242646,0.09090909090909091
episode_first_signal,logit_dynamic_compact,very_expensive_round_trip,9.0,22,1.4380615617206405,-7.561938438279359,-7.0855358083242646,0.0
episode_first_signal,xgboost_dynamic_compact,no_cost,0.0,10,1.848842582597987,1.848842582597987,1.6240437284542608,0.8
episode_first_signal,xgboost_dynamic_compact,very_low_cost,1.0,10,1.848842582597987,0.8488425825979871,0.6240437284542608,0.7
episode_first_signal,xgboost_dynamic_compact,low_cost,2.0,10,1.848842582597987,-0.15115741740201294,-0.3759562715457392,0.4
episode_first_signal,xgboost_dynamic_compact,medium_cost,3.0,10,1.848842582597987,-1.151157417402013,-1.3759562715457392,0.4
episode_first_signal,xgboost_dynamic_compact,near_best_raw_edge,3.5,10,1.848842582597987,-1.651157417402013,-1.8759562715457392,0.3
episode_first_signal,xgboost_dynamic_compact,high_cost,4.0,10,1.848842582597987,-2.151157417402013,-2.375956271545739,0.1
episode_first_signal,xgboost_dynamic_compact,expensive_taker_like,5.0,10,1.848842582597987,-3.151157417402013,-3.375956271545739,0.1
episode_first_signal,xgboost_dynamic_compact,very_expensive_round_trip,9.0,10,1.848842582597987,-7.151157417402013,-7.375956271545739,0.1
episode_first_signal,xgboost_dynamic_full,no_cost,0.0,10,2.1022547042623962,2.1022547042623962,1.502188532592763,0.9
episode_first_signal,xgboost_dynamic_full,very_low_cost,1.0,10,2.1022547042623962,1.1022547042623962,0.502188532592763,0.6
episode_first_signal,xgboost_dynamic_full,low_cost,2.0,10,2.1022547042623962,0.10225470426239622,-0.49781146740723703,0.4
episode_first_signal,xgboost_dynamic_full,medium_cost,3.0,10,2.1022547042623962,-0.8977452957376038,-1.497811467407237,0.4
episode_first_signal,xgboost_dynamic_full,near_best_raw_edge,3.5,10,2.1022547042623962,-1.3977452957376038,-1.997811467407237,0.3
episode_first_signal,xgboost_dynamic_full,high_cost,4.0,10,2.1022547042623962,-1.8977452957376038,-2.497811467407237,0.2
episode_first_signal,xgboost_dynamic_full,expensive_taker_like,5.0,10,2.1022547042623962,-2.8977452957376038,-3.497811467407237,0.1
episode_first_signal,xgboost_dynamic_full,very_expensive_round_trip,9.0,10,2.1022547042623962,-6.897745295737605,-7.497811467407237,0.1
